/*
 Navicat Premium Data Transfer

 Source Server         : 本机
 Source Server Type    : MySQL
 Source Server Version : 80019
 Source Host           : localhost:3306
 Source Schema         : lucky

 Target Server Type    : MySQL
 Target Server Version : 80019
 File Encoding         : 65001

 Date: 25/12/2021 15:44:42
*/

SET NAMES utf8mb4;
SET FOREIGN_KEY_CHECKS = 0;

-- ----------------------------
-- Table structure for image
-- ----------------------------
DROP TABLE IF EXISTS `image`;
CREATE TABLE `image`  (
  `id` varchar(200) CHARACTER SET utf8mb4 COLLATE utf8mb4_general_ci NOT NULL COMMENT '编号',
  `local_url` varchar(255) CHARACTER SET utf8mb4 COLLATE utf8mb4_general_ci NOT NULL COMMENT '本地路径',
  `url` varchar(255) CHARACTER SET utf8mb4 COLLATE utf8mb4_general_ci NOT NULL COMMENT '路径',
  `type` varchar(50) CHARACTER SET utf8mb4 COLLATE utf8mb4_general_ci NOT NULL COMMENT '图片类型',
  `is_deleted` int NOT NULL DEFAULT 0 COMMENT '逻辑删除',
  `remark` text CHARACTER SET utf8mb4 COLLATE utf8mb4_general_ci NULL COMMENT '备注',
  `create_time` datetime NOT NULL COMMENT '创建时间',
  `update_time` datetime NOT NULL COMMENT '更新时间',
  PRIMARY KEY (`id`) USING BTREE
) ENGINE = InnoDB CHARACTER SET = utf8mb4 COLLATE = utf8mb4_general_ci ROW_FORMAT = DYNAMIC;

-- ----------------------------
-- Records of image
-- ----------------------------
INSERT INTO `image` VALUES ('1472026552333623298', 'D:/upload/a-1639793453554.jpg', 'a-1639793453554.jpg', '普通图片', 0, NULL, '2021-12-18 10:10:54', '2021-12-18 10:10:54');
INSERT INTO `image` VALUES ('1472152810497302529', 'D:/upload/0f003ddc-827c-494d-bbbd-1012971c8e26-1639823555846.png', '0f003ddc-827c-494d-bbbd-1012971c8e26-1639823555846.png', '普通图片', 0, NULL, '2021-12-18 18:32:36', '2021-12-18 18:32:36');
INSERT INTO `image` VALUES ('1472164526874517505', 'D:/upload/uugai.com-h7345-16147012458365-1639826349320.png', 'uugai.com-h7345-16147012458365-1639826349320.png', '用户头像', 0, NULL, '2021-12-18 19:19:09', '2021-12-18 19:19:09');
INSERT INTO `image` VALUES ('1472166020055130113', 'D:/upload/uugai.com-h7345-16147012458365-1639826705373.png', 'uugai.com-h7345-16147012458365-1639826705373.png', '用户头像', 0, NULL, '2021-12-18 19:25:05', '2021-12-18 19:25:05');
INSERT INTO `image` VALUES ('1472168002555830273', 'D:/upload/uugai.com-h7345-16147012458365-1639827178030.png', 'uugai.com-h7345-16147012458365-1639827178030.png', '用户头像', 0, NULL, '2021-12-18 19:32:58', '2021-12-18 19:32:58');
INSERT INTO `image` VALUES ('1472168903773347841', 'D:/upload/下载-1639827392905.png', '下载-1639827392905.png', '用户头像', 0, NULL, '2021-12-18 19:36:33', '2021-12-18 19:36:33');
INSERT INTO `image` VALUES ('1472552453546827777', 'D:/upload/uugai.com-h7345-16147012458365-1639918838265.png', 'uugai.com-h7345-16147012458365-1639918838265.png', '用户头像', 0, NULL, '2021-12-19 21:00:38', '2021-12-19 21:00:38');
INSERT INTO `image` VALUES ('1472558529965031426', 'D:/upload/uugai.com-h7345-16147012458365-1639920287009.png', 'uugai.com-h7345-16147012458365-1639920287009.png', '用户头像', 0, NULL, '2021-12-19 21:24:47', '2021-12-19 21:24:47');
INSERT INTO `image` VALUES ('1472561849324634114', 'D:/upload/uugai.com-h7345-16147012458365-1639921078418.png', 'uugai.com-h7345-16147012458365-1639921078418.png', '用户头像', 0, NULL, '2021-12-19 21:37:58', '2021-12-19 21:37:58');
INSERT INTO `image` VALUES ('1472798614186680322', 'D:/upload/未中奖-1639977527548.png', '未中奖-1639977527548.png', '普通图片', 0, NULL, '2021-12-20 13:18:48', '2021-12-20 13:18:48');
INSERT INTO `image` VALUES ('1472799321077899265', 'D:/upload/未中奖-1639977696101.png', '未中奖-1639977696101.png', '普通图片', 0, NULL, '2021-12-20 13:21:36', '2021-12-20 13:21:36');
INSERT INTO `image` VALUES ('1472799562573340673', 'D:/upload/未中奖-1639977753674.png', '未中奖-1639977753674.png', '普通图片', 0, NULL, '2021-12-20 13:22:34', '2021-12-20 13:22:34');
INSERT INTO `image` VALUES ('1472800443553341442', 'D:/upload/p40-pro-white-1639977963719.png', 'p40-pro-white-1639977963719.png', '普通图片', 0, NULL, '2021-12-20 13:26:04', '2021-12-20 13:26:04');
INSERT INTO `image` VALUES ('1472801033859686402', 'D:/upload/p40-pro-white-1639978102857.png', 'p40-pro-white-1639978102857.png', '普通图片', 0, NULL, '2021-12-20 13:28:24', '2021-12-20 13:28:24');
INSERT INTO `image` VALUES ('1472801072929628161', 'D:/upload/电脑-1639978113777.png', '电脑-1639978113777.png', '普通图片', 0, NULL, '2021-12-20 13:28:34', '2021-12-20 13:28:34');
INSERT INTO `image` VALUES ('1472801664414572546', 'D:/upload/电脑-1639978254757.png', '电脑-1639978254757.png', '普通图片', 0, NULL, '2021-12-20 13:30:55', '2021-12-20 13:30:55');
INSERT INTO `image` VALUES ('1472802296366161922', 'D:/upload/手机-1639978405454.jpg', '手机-1639978405454.jpg', '普通图片', 0, NULL, '2021-12-20 13:33:25', '2021-12-20 13:33:25');
INSERT INTO `image` VALUES ('1472804753137786882', 'D:/upload/电脑-1639978991147.png', '电脑-1639978991147.png', '普通图片', 0, NULL, '2021-12-20 13:43:11', '2021-12-20 13:43:11');
INSERT INTO `image` VALUES ('1472804943911510018', 'D:/upload/手机-1639979036677.jpg', '手机-1639979036677.jpg', '普通图片', 0, NULL, '2021-12-20 13:43:57', '2021-12-20 13:43:57');
INSERT INTO `image` VALUES ('1472805676346040321', 'D:/upload/电脑-1639979209428.png', '电脑-1639979209428.png', '普通图片', 0, NULL, '2021-12-20 13:46:51', '2021-12-20 13:46:51');
INSERT INTO `image` VALUES ('1472805690476650498', 'D:/upload/手机-1639979214677.jpg', '手机-1639979214677.jpg', '普通图片', 0, NULL, '2021-12-20 13:46:55', '2021-12-20 13:46:55');
INSERT INTO `image` VALUES ('1472806382268432386', 'D:/upload/未中奖-1639979379605.png', '未中奖-1639979379605.png', '普通图片', 0, NULL, '2021-12-20 13:49:40', '2021-12-20 13:49:40');
INSERT INTO `image` VALUES ('1472806757327290369', 'D:/upload/电脑-1639979469039.png', '电脑-1639979469039.png', '普通图片', 0, NULL, '2021-12-20 13:51:09', '2021-12-20 13:51:09');
INSERT INTO `image` VALUES ('1472806771772473345', 'D:/upload/手机-1639979472485.jpg', '手机-1639979472485.jpg', '普通图片', 0, NULL, '2021-12-20 13:51:12', '2021-12-20 13:51:12');
INSERT INTO `image` VALUES ('1474344539052953602', 'D:/upload/电脑-1640346104749.png', '电脑-1640346104749.png', '普通图片', 0, NULL, '2021-12-24 19:41:45', '2021-12-24 19:41:45');
INSERT INTO `image` VALUES ('1474344558741016577', 'D:/upload/手机-1640346109458.jpg', '手机-1640346109458.jpg', '普通图片', 0, NULL, '2021-12-24 19:41:49', '2021-12-24 19:41:49');
INSERT INTO `image` VALUES ('1474346946482786306', 'D:/upload/电脑-1640346678740.png', '电脑-1640346678740.png', '普通图片', 0, NULL, '2021-12-24 19:51:19', '2021-12-24 19:51:19');
INSERT INTO `image` VALUES ('1474346968515465217', 'D:/upload/手机-1640346683993.jpg', '手机-1640346683993.jpg', '普通图片', 0, NULL, '2021-12-24 19:51:24', '2021-12-24 19:51:24');
INSERT INTO `image` VALUES ('1474380294931886082', 'D:/upload/6B53428C2CA21783A7DCEA3FE4A097B4-1640354629630.jpg', '6B53428C2CA21783A7DCEA3FE4A097B4-1640354629630.jpg', '用户头像', 0, NULL, '2021-12-24 22:03:50', '2021-12-24 22:03:50');
INSERT INTO `image` VALUES ('1474391761215401985', 'D:/upload/6B53428C2CA21783A7DCEA3FE4A097B4-1640357361714.jpg', '6B53428C2CA21783A7DCEA3FE4A097B4-1640357361714.jpg', '普通图片', 0, NULL, '2021-12-24 22:49:23', '2021-12-24 22:49:23');
INSERT INTO `image` VALUES ('1474391782446968833', 'D:/upload/1640313432752-1640357368467.jpeg', '1640313432752-1640357368467.jpeg', '普通图片', 0, NULL, '2021-12-24 22:49:28', '2021-12-24 22:49:28');
INSERT INTO `image` VALUES ('1474393481249140737', 'D:/upload/1640313432752-1640357773493.jpeg', '1640313432752-1640357773493.jpeg', '普通图片', 0, NULL, '2021-12-24 22:56:13', '2021-12-24 22:56:13');
INSERT INTO `image` VALUES ('1474393506465296385', 'D:/upload/2ED7DCB6F01AC9A2E89D058BE3D0578D-1640357779474.jpg', '2ED7DCB6F01AC9A2E89D058BE3D0578D-1640357779474.jpg', '普通图片', 0, NULL, '2021-12-24 22:56:20', '2021-12-24 22:56:20');
INSERT INTO `image` VALUES ('1474393541575815170', 'D:/upload/6B53428C2CA21783A7DCEA3FE4A097B4-1640357787876.jpg', '6B53428C2CA21783A7DCEA3FE4A097B4-1640357787876.jpg', '普通图片', 0, NULL, '2021-12-24 22:56:28', '2021-12-24 22:56:28');
INSERT INTO `image` VALUES ('1474393588342304770', 'D:/upload/1640313429965-1640357799026.jpeg', '1640313429965-1640357799026.jpeg', '普通图片', 0, NULL, '2021-12-24 22:56:39', '2021-12-24 22:56:39');
INSERT INTO `image` VALUES ('1474393650124320769', 'D:/upload/1640313429965-1640357813724.jpeg', '1640313429965-1640357813724.jpeg', '普通图片', 0, NULL, '2021-12-24 22:56:54', '2021-12-24 22:56:54');
INSERT INTO `image` VALUES ('1474399731563212802', 'D:/upload/ac20ee62882611ebb6edd017c2d2eca2-1640359263653.jpg', 'ac20ee62882611ebb6edd017c2d2eca2-1640359263653.jpg', '用户头像', 0, NULL, '2021-12-24 23:21:04', '2021-12-24 23:21:04');
INSERT INTO `image` VALUES ('1474402334250479617', 'D:/upload/奖-1640359884223.png', '奖-1640359884223.png', '普通图片', 0, NULL, '2021-12-24 23:31:24', '2021-12-24 23:31:24');
INSERT INTO `image` VALUES ('1474418609034911745', 'D:/upload/D3699BBA36AB296B4C73237728A0F99E-1640363764419.jpg', 'D3699BBA36AB296B4C73237728A0F99E-1640363764419.jpg', '普通图片', 0, NULL, '2021-12-25 00:36:04', '2021-12-25 00:36:04');
INSERT INTO `image` VALUES ('1474418631948394497', 'D:/upload/1640313429965-1640363769892.jpeg', '1640313429965-1640363769892.jpeg', '普通图片', 0, NULL, '2021-12-25 00:36:10', '2021-12-25 00:36:10');
INSERT INTO `image` VALUES ('1474418991467356162', 'D:/upload/1640313380996-1640363855304.jpeg', '1640313380996-1640363855304.jpeg', '普通图片', 0, NULL, '2021-12-25 00:37:36', '2021-12-25 00:37:36');
INSERT INTO `image` VALUES ('1474422076604440578', 'D:/upload/6B53428C2CA21783A7DCEA3FE4A097B4-1640364591164.jpg', '6B53428C2CA21783A7DCEA3FE4A097B4-1640364591164.jpg', '普通图片', 0, NULL, '2021-12-25 00:49:51', '2021-12-25 00:49:51');
INSERT INTO `image` VALUES ('1474422147181993985', 'D:/upload/wx_camera_1640261426435-1640364607995.jpg', 'wx_camera_1640261426435-1640364607995.jpg', '普通图片', 0, NULL, '2021-12-25 00:50:08', '2021-12-25 00:50:08');
INSERT INTO `image` VALUES ('1474422234972971009', 'D:/upload/Screenshot_2021-12-23-17-01-36-08-1640364628915.jpg', 'Screenshot_2021-12-23-17-01-36-08-1640364628915.jpg', '普通图片', 0, NULL, '2021-12-25 00:50:29', '2021-12-25 00:50:29');
INSERT INTO `image` VALUES ('1474422393479913474', 'D:/upload/7F28463E0BC685B5B98F9B24B9FE3BBE-1640364666690.jpg', '7F28463E0BC685B5B98F9B24B9FE3BBE-1640364666690.jpg', '普通图片', 0, NULL, '2021-12-25 00:51:07', '2021-12-25 00:51:07');
INSERT INTO `image` VALUES ('1474423555218227201', 'D:/upload/D0D2D7EF61C0D60932C1257C726E11CB-1640364943670.jpg', 'D0D2D7EF61C0D60932C1257C726E11CB-1640364943670.jpg', '普通图片', 0, NULL, '2021-12-25 00:55:44', '2021-12-25 00:55:44');
INSERT INTO `image` VALUES ('1474423727365046273', 'D:/upload/D0D2D7EF61C0D60932C1257C726E11CB-1640364984729.jpg', 'D0D2D7EF61C0D60932C1257C726E11CB-1640364984729.jpg', '普通图片', 0, NULL, '2021-12-25 00:56:25', '2021-12-25 00:56:25');
INSERT INTO `image` VALUES ('1474423881358917634', 'D:/upload/4E6967E6B679641C182F9DB2BC9E09F9-1640365021444.jpg', '4E6967E6B679641C182F9DB2BC9E09F9-1640365021444.jpg', '普通图片', 0, NULL, '2021-12-25 00:57:01', '2021-12-25 00:57:01');
INSERT INTO `image` VALUES ('1474424077803339778', 'D:/upload/378536CB306BF2573A487B49AEB803BF-1640365068253.jpg', '378536CB306BF2573A487B49AEB803BF-1640365068253.jpg', '普通图片', 0, NULL, '2021-12-25 00:57:48', '2021-12-25 00:57:48');
INSERT INTO `image` VALUES ('1474424183281696770', 'D:/upload/8FF905D6E22870E8B87BBB8A11361264-1640365093441.jpg', '8FF905D6E22870E8B87BBB8A11361264-1640365093441.jpg', '用户头像', 0, NULL, '2021-12-25 00:58:13', '2021-12-25 00:58:13');
INSERT INTO `image` VALUES ('1474424255507611650', 'D:/upload/6B53428C2CA21783A7DCEA3FE4A097B4-1640365110649.jpg', '6B53428C2CA21783A7DCEA3FE4A097B4-1640365110649.jpg', '普通图片', 0, NULL, '2021-12-25 00:58:31', '2021-12-25 00:58:31');
INSERT INTO `image` VALUES ('1474424281935921153', 'D:/upload/2ED7DCB6F01AC9A2E89D058BE3D0578D-1640365116960.jpg', '2ED7DCB6F01AC9A2E89D058BE3D0578D-1640365116960.jpg', '普通图片', 0, NULL, '2021-12-25 00:58:37', '2021-12-25 00:58:37');
INSERT INTO `image` VALUES ('1474424392963342337', 'D:/upload/AB022E53B7FB7EFB89654A17E7421B57-1640365143424.jpg', 'AB022E53B7FB7EFB89654A17E7421B57-1640365143424.jpg', '普通图片', 0, NULL, '2021-12-25 00:59:03', '2021-12-25 00:59:03');
INSERT INTO `image` VALUES ('1474424689836175361', 'D:/upload/电脑-1640365214194.png', '电脑-1640365214194.png', '普通图片', 0, NULL, '2021-12-25 01:00:14', '2021-12-25 01:00:14');
INSERT INTO `image` VALUES ('1474425597340942338', 'D:/upload/1640313443102-1640365430560.jpeg', '1640313443102-1640365430560.jpeg', '普通图片', 0, NULL, '2021-12-25 01:03:51', '2021-12-25 01:03:51');
INSERT INTO `image` VALUES ('1474425722297647106', 'D:/upload/B082C6B682CE3EB748221E2BB11D3F98-1640365460369.jpg', 'B082C6B682CE3EB748221E2BB11D3F98-1640365460369.jpg', '普通图片', 0, NULL, '2021-12-25 01:04:20', '2021-12-25 01:04:20');
INSERT INTO `image` VALUES ('1474425855106088962', 'D:/upload/D0D2D7EF61C0D60932C1257C726E11CB-1640365491952.jpg', 'D0D2D7EF61C0D60932C1257C726E11CB-1640365491952.jpg', '普通图片', 0, NULL, '2021-12-25 01:04:52', '2021-12-25 01:04:52');
INSERT INTO `image` VALUES ('1474425998249295873', 'D:/upload/1640313380996-1640365526159.jpeg', '1640313380996-1640365526159.jpeg', '普通图片', 0, NULL, '2021-12-25 01:05:26', '2021-12-25 01:05:26');
INSERT INTO `image` VALUES ('1474426028326649857', 'D:/upload/转盘-1640365533321.png', '转盘-1640365533321.png', '普通图片', 0, NULL, '2021-12-25 01:05:33', '2021-12-25 01:05:33');
INSERT INTO `image` VALUES ('1474426065244913666', 'D:/upload/AB022E53B7FB7EFB89654A17E7421B57-1640365542134.jpg', 'AB022E53B7FB7EFB89654A17E7421B57-1640365542134.jpg', '普通图片', 0, NULL, '2021-12-25 01:05:42', '2021-12-25 01:05:42');
INSERT INTO `image` VALUES ('1474426256110911490', 'D:/upload/91A3D790C0AC7D06D9CFC198B6FF7E99-1640365586036.jpg', '91A3D790C0AC7D06D9CFC198B6FF7E99-1640365586036.jpg', '普通图片', 0, NULL, '2021-12-25 01:06:28', '2021-12-25 01:06:28');
INSERT INTO `image` VALUES ('1474426344052981762', 'D:/upload/mmexport1626096870550-1640365608558.jpg', 'mmexport1626096870550-1640365608558.jpg', '普通图片', 0, NULL, '2021-12-25 01:06:49', '2021-12-25 01:06:49');
INSERT INTO `image` VALUES ('1474428563078901761', 'D:/upload/kim-1625737767521-1640366137658.jpg', 'kim-1625737767521-1640366137658.jpg', '普通图片', 0, NULL, '2021-12-25 01:15:38', '2021-12-25 01:15:38');
INSERT INTO `image` VALUES ('1474428625230098433', 'D:/upload/-284446277-1640366152470.png', '-284446277-1640366152470.png', '普通图片', 0, NULL, '2021-12-25 01:15:52', '2021-12-25 01:15:52');
INSERT INTO `image` VALUES ('1474428750581067777', 'D:/upload/8FF905D6E22870E8B87BBB8A11361264-1640366182324.jpg', '8FF905D6E22870E8B87BBB8A11361264-1640366182324.jpg', '普通图片', 0, NULL, '2021-12-25 01:16:22', '2021-12-25 01:16:22');
INSERT INTO `image` VALUES ('1474431363359830017', 'D:/upload/电脑-1640366805283.png', '电脑-1640366805283.png', '普通图片', 0, NULL, '2021-12-25 01:26:45', '2021-12-25 01:26:45');
INSERT INTO `image` VALUES ('1474431425972400130', 'D:/upload/未中奖-1640366820221.png', '未中奖-1640366820221.png', '普通图片', 0, NULL, '2021-12-25 01:27:00', '2021-12-25 01:27:00');
INSERT INTO `image` VALUES ('1474433585502089218', 'D:/upload/奖-1640367335103.png', '奖-1640367335103.png', '普通图片', 0, NULL, '2021-12-25 01:35:35', '2021-12-25 01:35:35');
INSERT INTO `image` VALUES ('1474433598479265794', 'D:/upload/奖-1640367338198.png', '奖-1640367338198.png', '普通图片', 0, NULL, '2021-12-25 01:35:38', '2021-12-25 01:35:38');
INSERT INTO `image` VALUES ('1474437942402359297', 'D:/upload/ED4DE83E7CEF2039C002DF0D924CDD36-1640368373852.jpg', 'ED4DE83E7CEF2039C002DF0D924CDD36-1640368373852.jpg', '普通图片', 0, NULL, '2021-12-25 01:52:54', '2021-12-25 01:52:54');
INSERT INTO `image` VALUES ('1474437987340132354', 'D:/upload/mmexport1640365892497-1640368384581.jpg', 'mmexport1640365892497-1640368384581.jpg', '普通图片', 0, NULL, '2021-12-25 01:53:05', '2021-12-25 01:53:05');
INSERT INTO `image` VALUES ('1474438022337404929', 'D:/upload/img-90017a3ebf1e7e98871c835ede54f56e-1640368392928.jpg', 'img-90017a3ebf1e7e98871c835ede54f56e-1640368392928.jpg', '普通图片', 0, NULL, '2021-12-25 01:53:13', '2021-12-25 01:53:13');
INSERT INTO `image` VALUES ('1474438173672087553', 'D:/upload/IMG_20211130_232347-1640368429005.jpg', 'IMG_20211130_232347-1640368429005.jpg', '普通图片', 0, NULL, '2021-12-25 01:53:49', '2021-12-25 01:53:49');
INSERT INTO `image` VALUES ('1474438214675603457', 'D:/upload/pericon-1640368438746.jpg', 'pericon-1640368438746.jpg', '普通图片', 0, NULL, '2021-12-25 01:53:59', '2021-12-25 01:53:59');
INSERT INTO `image` VALUES ('1474443809650757633', 'D:/upload/-284446277-1640369772715.png', '-284446277-1640369772715.png', '普通图片', 0, NULL, '2021-12-25 02:16:13', '2021-12-25 02:16:13');
INSERT INTO `image` VALUES ('1474443899664715777', 'D:/upload/9AC3BDEED77A14D1B799B8B1D86A3621-1640369794183.jpg', '9AC3BDEED77A14D1B799B8B1D86A3621-1640369794183.jpg', '普通图片', 0, NULL, '2021-12-25 02:16:34', '2021-12-25 02:16:34');
INSERT INTO `image` VALUES ('1474443958062010370', 'D:/upload/wx_camera_1640261426435-1640369808077.jpg', 'wx_camera_1640261426435-1640369808077.jpg', '普通图片', 0, NULL, '2021-12-25 02:16:48', '2021-12-25 02:16:48');
INSERT INTO `image` VALUES ('1474451617951633410', 'D:/upload/pic3.zhimg-1640371634257.jpeg', 'pic3.zhimg-1640371634257.jpeg', '用户头像', 0, NULL, '2021-12-25 02:47:14', '2021-12-25 02:47:14');
INSERT INTO `image` VALUES ('1474627466909409282', 'D:/upload/wx_camera_1640252444374-1640413559974.jpg', 'wx_camera_1640252444374-1640413559974.jpg', '普通图片', 0, NULL, '2021-12-25 14:26:00', '2021-12-25 14:26:00');
INSERT INTO `image` VALUES ('1474642989038628866', 'D:/upload/-630b8f8123c33124-1640417260777.jpg', '-630b8f8123c33124-1640417260777.jpg', '用户头像', 0, NULL, '2021-12-25 15:27:41', '2021-12-25 15:27:41');

-- ----------------------------
-- Table structure for lucky_draw
-- ----------------------------
DROP TABLE IF EXISTS `lucky_draw`;
CREATE TABLE `lucky_draw`  (
  `id` varchar(200) CHARACTER SET utf8mb4 COLLATE utf8mb4_general_ci NOT NULL COMMENT '编号',
  `user_id` varchar(200) CHARACTER SET utf8mb4 COLLATE utf8mb4_general_ci NOT NULL COMMENT '所属用户',
  `start_time` datetime NOT NULL COMMENT '发起时间',
  `end_time` datetime NOT NULL COMMENT '结束时间',
  `title` varchar(255) CHARACTER SET utf8mb4 COLLATE utf8mb4_general_ci NOT NULL COMMENT '活动标题',
  `count` int NOT NULL DEFAULT 1 COMMENT '抽奖次数',
  `status` int NOT NULL DEFAULT 0 COMMENT '状态（0 审核中、1 进行中、2 已结束、3 审核失败）',
  `is_deleted` int NOT NULL DEFAULT 0 COMMENT '逻辑删除',
  `remark` text CHARACTER SET utf8mb4 COLLATE utf8mb4_general_ci NULL COMMENT '备注',
  `create_time` datetime NOT NULL COMMENT '创建时间',
  `update_time` datetime NOT NULL COMMENT '更新时间',
  PRIMARY KEY (`id`) USING BTREE
) ENGINE = InnoDB CHARACTER SET = utf8mb4 COLLATE = utf8mb4_general_ci ROW_FORMAT = DYNAMIC;

-- ----------------------------
-- Records of lucky_draw
-- ----------------------------
INSERT INTO `lucky_draw` VALUES ('1472057667903668226', '1472049303236763650', '2021-12-18 11:50:00', '2021-12-18 11:50:00', 'AV女优，在线发牌', 1, 0, 0, NULL, '2021-12-18 12:14:32', '2021-12-18 12:14:32');
INSERT INTO `lucky_draw` VALUES ('1472058294054535169', '1472049303236763650', '2021-12-18 11:50:00', '2021-12-18 11:50:00', '澳门赌场', 1, 2, 0, NULL, '2021-12-18 12:17:01', '2021-12-18 12:17:01');
INSERT INTO `lucky_draw` VALUES ('1472806851153870850', '1472049303236763650', '2021-12-20 00:00:00', '2021-12-24 00:00:00', '超级大转盘', 10000, 2, 0, NULL, '2021-12-20 13:51:31', '2021-12-20 13:51:31');
INSERT INTO `lucky_draw` VALUES ('1472815569496969218', '1472049303236763650', '2021-12-18 00:00:00', '2021-12-18 00:00:00', '测试测试', 1, 2, 0, NULL, '2021-12-20 14:26:10', '2021-12-20 14:26:10');
INSERT INTO `lucky_draw` VALUES ('1474346718954377217', '1472049303236763650', '2021-12-24 00:00:00', '2021-12-27 00:00:00', '测试测试', 99, 0, 0, NULL, '2021-12-24 19:50:24', '2021-12-24 19:50:24');
INSERT INTO `lucky_draw` VALUES ('1474347135486513153', '1472049303236763650', '2021-12-24 00:00:00', '2021-12-29 00:00:00', 'z测试哈哈哈', 99, 2, 0, NULL, '2021-12-24 19:52:04', '2021-12-24 19:52:04');
INSERT INTO `lucky_draw` VALUES ('1474392051859697666', '1474380138006196225', '2021-12-24 00:00:00', '2021-12-25 00:00:00', '抽鸡巴', 111, 2, 0, NULL, '2021-12-24 22:50:33', '2021-12-24 22:50:33');
INSERT INTO `lucky_draw` VALUES ('1474393765857751041', '1474380138006196225', '2021-12-24 00:00:00', '2021-12-25 00:00:00', '我的鸡巴', 1001, 2, 0, NULL, '2021-12-24 22:57:21', '2021-12-24 22:57:21');
INSERT INTO `lucky_draw` VALUES ('1474394147765907457', '1474380138006196225', '2021-12-24 00:00:00', '2021-12-25 00:00:00', '哈哈哈哈', 101, 2, 0, NULL, '2021-12-24 22:58:52', '2021-12-24 22:58:52');
INSERT INTO `lucky_draw` VALUES ('1474394929236127746', '1474380138006196225', '2021-12-24 00:00:00', '2021-12-25 00:00:00', '36', 221, 2, 0, NULL, '2021-12-24 23:01:59', '2021-12-24 23:01:59');
INSERT INTO `lucky_draw` VALUES ('1474419558453399554', '1474380138006196225', '2021-12-25 00:00:00', '2021-12-26 00:00:00', '内部测试', 3, 1, 0, NULL, '2021-12-25 00:39:51', '2021-12-25 00:39:51');
INSERT INTO `lucky_draw` VALUES ('1474422607846596609', '1474421780356554753', '2021-12-25 00:00:00', '2021-12-26 00:00:00', '刺激大抽奖', 10, 1, 0, NULL, '2021-12-25 00:51:58', '2021-12-25 00:51:58');
INSERT INTO `lucky_draw` VALUES ('1474424707615830018', '1474421780356554753', '2021-12-25 00:00:00', '2021-12-26 00:00:00', '5588', 551, 1, 0, NULL, '2021-12-25 01:00:18', '2021-12-25 01:00:18');
INSERT INTO `lucky_draw` VALUES ('1474424737693184001', '1474421780356554753', '2021-12-25 00:00:00', '2021-12-26 00:00:00', '5588', 551, 1, 0, NULL, '2021-12-25 01:00:26', '2021-12-25 01:00:26');
INSERT INTO `lucky_draw` VALUES ('1474424749303017473', '1474421780356554753', '2021-12-25 00:00:00', '2021-12-26 00:00:00', '5588', 551, 0, 0, NULL, '2021-12-25 01:00:28', '2021-12-25 01:00:28');
INSERT INTO `lucky_draw` VALUES ('1474428913143902210', '1474428156881530882', '2021-12-25 00:00:00', '2021-12-26 00:00:00', '抽取你的另一半', 221, 0, 0, NULL, '2021-12-25 01:17:01', '2021-12-25 01:17:01');
INSERT INTO `lucky_draw` VALUES ('1474428952620691458', '1474428156881530882', '2021-12-25 00:00:00', '2021-12-26 00:00:00', '抽取你的另一半', 221, 1, 0, NULL, '2021-12-25 01:17:11', '2021-12-25 01:17:11');
INSERT INTO `lucky_draw` VALUES ('1474431508256256002', '1472049303236763650', '2021-12-25 00:00:00', '2021-12-26 00:00:00', 'tests他test', 1, 1, 0, NULL, '2021-12-25 01:27:20', '2021-12-25 01:27:20');
INSERT INTO `lucky_draw` VALUES ('1474431683884347394', '1472049303236763650', '2021-12-25 00:00:00', '2021-12-26 00:00:00', 'tests他test', 1, 1, 0, NULL, '2021-12-25 01:28:02', '2021-12-25 01:28:02');
INSERT INTO `lucky_draw` VALUES ('1474433245188845570', '1472049303236763650', '2021-12-25 00:00:00', '2021-12-26 00:00:00', 'tests他test', 1, 1, 0, NULL, '2021-12-25 01:34:14', '2021-12-25 01:34:14');
INSERT INTO `lucky_draw` VALUES ('1474433738661294082', '1472049303236763650', '2021-12-25 00:00:00', '2021-12-26 00:00:00', '嘀嘀嘀', 1, 1, 0, NULL, '2021-12-25 01:36:12', '2021-12-25 01:36:12');
INSERT INTO `lucky_draw` VALUES ('1474438497703043073', '1474420801779318786', '2021-12-25 00:00:00', '2021-12-26 00:00:00', '这里是厕所', 8881, 1, 0, NULL, '2021-12-25 01:55:06', '2021-12-25 01:55:06');
INSERT INTO `lucky_draw` VALUES ('1474444293912514562', '1474420801779318786', '2021-12-25 00:00:00', '2021-12-26 00:00:00', '这是什么项目', 5, 1, 0, NULL, '2021-12-25 02:18:08', '2021-12-25 02:18:08');
INSERT INTO `lucky_draw` VALUES ('1474444958143467522', '1474420801779318786', '2021-12-25 00:00:00', '2021-12-26 00:00:00', 'test', 999, 1, 0, NULL, '2021-12-25 02:20:47', '2021-12-25 02:20:47');
INSERT INTO `lucky_draw` VALUES ('1474450812297138178', '1474421780356554753', '2021-12-25 00:00:00', '2021-12-26 00:00:00', 'test1', 1111, 1, 0, NULL, '2021-12-25 02:44:02', '2021-12-25 02:44:02');
INSERT INTO `lucky_draw` VALUES ('1474452204386635777', '1474451440016674818', '2021-12-25 00:00:00', '2021-12-26 00:00:00', 'test2', 5551, 1, 0, NULL, '2021-12-25 02:49:34', '2021-12-25 02:49:34');
INSERT INTO `lucky_draw` VALUES ('1474452733443559426', '1474451440016674818', '2021-12-25 00:00:00', '2021-12-26 00:00:00', 'test3', 551, 1, 0, NULL, '2021-12-25 02:51:40', '2021-12-25 02:51:40');
INSERT INTO `lucky_draw` VALUES ('1474641836624244737', '1474398326056136706', '2021-12-25 00:00:00', '2021-12-26 00:00:00', 'Crs ', 10, 1, 0, NULL, '2021-12-25 15:23:06', '2021-12-25 15:23:06');

-- ----------------------------
-- Table structure for lucky_win
-- ----------------------------
DROP TABLE IF EXISTS `lucky_win`;
CREATE TABLE `lucky_win`  (
  `id` varchar(200) CHARACTER SET utf8mb4 COLLATE utf8mb4_general_ci NOT NULL COMMENT '编号',
  `user_id` varchar(200) CHARACTER SET utf8mb4 COLLATE utf8mb4_general_ci NOT NULL COMMENT '中奖用户编号',
  `lucky_id` varchar(200) CHARACTER SET utf8mb4 COLLATE utf8mb4_general_ci NOT NULL COMMENT '活动编号',
  `prize_id` varchar(200) CHARACTER SET utf8mb4 COLLATE utf8mb4_general_ci NOT NULL COMMENT '奖品编号',
  `status` int NOT NULL COMMENT '中奖状态（0 未中奖，1 中奖）',
  `is_deleted` int NOT NULL DEFAULT 0 COMMENT '逻辑删除',
  `remark` text CHARACTER SET utf8mb4 COLLATE utf8mb4_general_ci NULL COMMENT '备注',
  `create_time` datetime NOT NULL COMMENT '创建时间',
  `update_time` datetime NOT NULL COMMENT '更新时间',
  PRIMARY KEY (`id`) USING BTREE
) ENGINE = InnoDB CHARACTER SET = utf8mb4 COLLATE = utf8mb4_general_ci ROW_FORMAT = DYNAMIC;

-- ----------------------------
-- Records of lucky_win
-- ----------------------------
INSERT INTO `lucky_win` VALUES ('1472072116194574338', '1472049303236763650', '1472058294054535169', '1472058294054535170', 0, 0, NULL, '2021-12-18 13:11:57', '2021-12-18 13:11:57');
INSERT INTO `lucky_win` VALUES ('1472072199942242306', '1472049303236763650', '1472058294054535169', '1472058294054535170', 0, 0, NULL, '2021-12-18 13:12:17', '2021-12-18 13:12:17');
INSERT INTO `lucky_win` VALUES ('1472072274617630722', '1472049303236763650', '1472058294054535169', '1472058294054535170', 0, 0, NULL, '2021-12-18 13:12:35', '2021-12-18 13:12:35');
INSERT INTO `lucky_win` VALUES ('1472072290644066305', '1472049303236763650', '1472058294054535169', '1472058294121644034', 0, 0, NULL, '2021-12-18 13:12:39', '2021-12-18 13:12:39');
INSERT INTO `lucky_win` VALUES ('1472072309275164673', '1472049303236763650', '1472058294054535169', '1472058294054535170', 0, 0, NULL, '2021-12-18 13:12:43', '2021-12-18 13:12:43');
INSERT INTO `lucky_win` VALUES ('1472072309992390658', '1472049303236763650', '1472058294054535169', '1472058294054535170', 0, 0, NULL, '2021-12-18 13:12:43', '2021-12-18 13:12:43');
INSERT INTO `lucky_win` VALUES ('1472072310772531202', '1472049303236763650', '1472058294054535169', '1472058294054535170', 0, 0, NULL, '2021-12-18 13:12:43', '2021-12-18 13:12:43');
INSERT INTO `lucky_win` VALUES ('1472072311489757185', '1472049303236763650', '1472058294054535169', '1472058294054535170', 0, 0, NULL, '2021-12-18 13:12:44', '2021-12-18 13:12:44');
INSERT INTO `lucky_win` VALUES ('1472072312206983170', '1472049303236763650', '1472058294054535169', '1472058294054535170', 0, 0, NULL, '2021-12-18 13:12:44', '2021-12-18 13:12:44');
INSERT INTO `lucky_win` VALUES ('1472072312920014850', '1472049303236763650', '1472058294054535169', '1472058294054535170', 0, 0, NULL, '2021-12-18 13:12:44', '2021-12-18 13:12:44');
INSERT INTO `lucky_win` VALUES ('1472072313570131969', '1472049303236763650', '1472058294054535169', '1472058294121644034', 0, 0, NULL, '2021-12-18 13:12:44', '2021-12-18 13:12:44');
INSERT INTO `lucky_win` VALUES ('1472072314157334529', '1472049303236763650', '1472058294054535169', '1472058294054535170', 0, 0, NULL, '2021-12-18 13:12:44', '2021-12-18 13:12:44');
INSERT INTO `lucky_win` VALUES ('1472072314811645954', '1472049303236763650', '1472058294054535169', '1472058294121644034', 0, 0, NULL, '2021-12-18 13:12:44', '2021-12-18 13:12:44');
INSERT INTO `lucky_win` VALUES ('1472072315457568770', '1472049303236763650', '1472058294054535169', '1472058294054535170', 0, 0, NULL, '2021-12-18 13:12:44', '2021-12-18 13:12:44');
INSERT INTO `lucky_win` VALUES ('1472072316841689090', '1472049303236763650', '1472058294054535169', '1472058294054535170', 0, 0, NULL, '2021-12-18 13:12:45', '2021-12-18 13:12:45');
INSERT INTO `lucky_win` VALUES ('1472072317487611906', '1472049303236763650', '1472058294054535169', '1472058294054535170', 0, 0, NULL, '2021-12-18 13:12:45', '2021-12-18 13:12:45');
INSERT INTO `lucky_win` VALUES ('1472072318137729026', '1472049303236763650', '1472058294054535169', '1472058294054535170', 0, 0, NULL, '2021-12-18 13:12:45', '2021-12-18 13:12:45');
INSERT INTO `lucky_win` VALUES ('1472072319521849345', '1472049303236763650', '1472058294054535169', '1472058294054535170', 0, 0, NULL, '2021-12-18 13:12:45', '2021-12-18 13:12:45');
INSERT INTO `lucky_win` VALUES ('1472072320297795586', '1472049303236763650', '1472058294054535169', '1472058294054535170', 0, 0, NULL, '2021-12-18 13:12:46', '2021-12-18 13:12:46');
INSERT INTO `lucky_win` VALUES ('1472072321082130433', '1472049303236763650', '1472058294054535169', '1472058294054535170', 0, 0, NULL, '2021-12-18 13:12:46', '2021-12-18 13:12:46');
INSERT INTO `lucky_win` VALUES ('1472072321799356417', '1472049303236763650', '1472058294054535169', '1472058294054535170', 0, 0, NULL, '2021-12-18 13:12:46', '2021-12-18 13:12:46');
INSERT INTO `lucky_win` VALUES ('1472072322382364674', '1472049303236763650', '1472058294054535169', '1472058294121644034', 0, 0, NULL, '2021-12-18 13:12:46', '2021-12-18 13:12:46');
INSERT INTO `lucky_win` VALUES ('1472073124245262338', '1472049303236763650', '1472058294054535169', '1472058294121644034', 0, 0, NULL, '2021-12-18 13:15:57', '2021-12-18 13:15:57');
INSERT INTO `lucky_win` VALUES ('1472073125633576961', '1472049303236763650', '1472058294054535169', '1472058294121644034', 0, 0, NULL, '2021-12-18 13:15:58', '2021-12-18 13:15:58');
INSERT INTO `lucky_win` VALUES ('1472822917519200257', '1472049303236763650', '1472806851153870850', '1472806851153870852', 1, 0, NULL, '2021-12-20 14:55:22', '2021-12-20 14:55:22');
INSERT INTO `lucky_win` VALUES ('1472823079251562497', '1472049303236763650', '1472806851153870850', '1472806851153870853', 1, 0, NULL, '2021-12-20 14:56:00', '2021-12-20 14:56:00');
INSERT INTO `lucky_win` VALUES ('1472824087994290177', '1472049303236763650', '1472806851153870850', '1472806851153870852', 0, 0, NULL, '2021-12-20 15:00:01', '2021-12-20 15:00:01');
INSERT INTO `lucky_win` VALUES ('1472824093111341057', '1472049303236763650', '1472806851153870850', '1472806851153870851', 1, 0, NULL, '2021-12-20 15:00:02', '2021-12-20 15:00:02');
INSERT INTO `lucky_win` VALUES ('1472825506201698306', '1472049303236763650', '1472806851153870850', '1472806851153870851', 1, 0, NULL, '2021-12-20 15:05:39', '2021-12-20 15:05:39');
INSERT INTO `lucky_win` VALUES ('1472825510748323841', '1472049303236763650', '1472806851153870850', '1472806851153870853', 1, 0, NULL, '2021-12-20 15:05:40', '2021-12-20 15:05:40');
INSERT INTO `lucky_win` VALUES ('1472825514460282882', '1472049303236763650', '1472806851153870850', '1472806851153870852', 1, 0, NULL, '2021-12-20 15:05:41', '2021-12-20 15:05:41');
INSERT INTO `lucky_win` VALUES ('1472825515198480386', '1472049303236763650', '1472806851153870850', '1472806851153870853', 1, 0, NULL, '2021-12-20 15:05:41', '2021-12-20 15:05:41');
INSERT INTO `lucky_win` VALUES ('1472825515789877249', '1472049303236763650', '1472806851153870850', '1472806851153870853', 1, 0, NULL, '2021-12-20 15:05:41', '2021-12-20 15:05:41');
INSERT INTO `lucky_win` VALUES ('1472825516523880449', '1472049303236763650', '1472806851153870850', '1472806851153870853', 1, 0, NULL, '2021-12-20 15:05:42', '2021-12-20 15:05:42');
INSERT INTO `lucky_win` VALUES ('1472825517190774786', '1472049303236763650', '1472806851153870850', '1472806851153870853', 1, 0, NULL, '2021-12-20 15:05:42', '2021-12-20 15:05:42');
INSERT INTO `lucky_win` VALUES ('1472825525415804930', '1472049303236763650', '1472806851153870850', '1472806851153870852', 1, 0, NULL, '2021-12-20 15:05:44', '2021-12-20 15:05:44');
INSERT INTO `lucky_win` VALUES ('1472825526921560066', '1472049303236763650', '1472806851153870850', '1472806851153870853', 1, 0, NULL, '2021-12-20 15:05:44', '2021-12-20 15:05:44');
INSERT INTO `lucky_win` VALUES ('1472825527718477826', '1472049303236763650', '1472806851153870850', '1472806851153870853', 1, 0, NULL, '2021-12-20 15:05:44', '2021-12-20 15:05:44');
INSERT INTO `lucky_win` VALUES ('1472825528444092417', '1472049303236763650', '1472806851153870850', '1472806851153870853', 1, 0, NULL, '2021-12-20 15:05:44', '2021-12-20 15:05:44');
INSERT INTO `lucky_win` VALUES ('1472825529962430465', '1472049303236763650', '1472806851153870850', '1472806851153870853', 1, 0, NULL, '2021-12-20 15:05:45', '2021-12-20 15:05:45');
INSERT INTO `lucky_win` VALUES ('1472825532202188802', '1472049303236763650', '1472806851153870850', '1472806851153870853', 1, 0, NULL, '2021-12-20 15:05:45', '2021-12-20 15:05:45');
INSERT INTO `lucky_win` VALUES ('1472825536413270018', '1472049303236763650', '1472806851153870850', '1472806851153870853', 1, 0, NULL, '2021-12-20 15:05:46', '2021-12-20 15:05:46');
INSERT INTO `lucky_win` VALUES ('1472825537919025153', '1472049303236763650', '1472806851153870850', '1472806851153870853', 1, 0, NULL, '2021-12-20 15:05:47', '2021-12-20 15:05:47');
INSERT INTO `lucky_win` VALUES ('1472825539382837250', '1472049303236763650', '1472806851153870850', '1472806851153870852', 1, 0, NULL, '2021-12-20 15:05:47', '2021-12-20 15:05:47');
INSERT INTO `lucky_win` VALUES ('1472825594785398785', '1472049303236763650', '1472806851153870850', '1472806851153870852', 1, 0, NULL, '2021-12-20 15:06:00', '2021-12-20 15:06:00');
INSERT INTO `lucky_win` VALUES ('1472825602536472577', '1472049303236763650', '1472806851153870850', '1472806851153870853', 1, 0, NULL, '2021-12-20 15:06:02', '2021-12-20 15:06:02');
INSERT INTO `lucky_win` VALUES ('1472826488587386881', '1472049303236763650', '1472815569496969218', '1472815569496969219', 1, 0, NULL, '2021-12-20 15:09:33', '2021-12-20 15:09:33');
INSERT INTO `lucky_win` VALUES ('1474348183966044162', '1472049303236763650', '1474347135486513153', '1474347135486513156', 1, 0, NULL, '2021-12-24 19:56:14', '2021-12-24 19:56:14');
INSERT INTO `lucky_win` VALUES ('1474348961682280449', '1472049303236763650', '1474347135486513153', '1474347135486513156', 0, 0, NULL, '2021-12-24 19:59:19', '2021-12-24 19:59:19');
INSERT INTO `lucky_win` VALUES ('1474349050362449922', '1472049303236763650', '1474347135486513153', '1474347135486513156', 0, 0, NULL, '2021-12-24 19:59:40', '2021-12-24 19:59:40');
INSERT INTO `lucky_win` VALUES ('1474349248576868354', '1472049303236763650', '1474347135486513153', '1474347135486513156', 0, 0, NULL, '2021-12-24 20:00:28', '2021-12-24 20:00:28');
INSERT INTO `lucky_win` VALUES ('1474349293766299649', '1472049303236763650', '1474347135486513153', '1474347135486513155', 1, 0, NULL, '2021-12-24 20:00:38', '2021-12-24 20:00:38');
INSERT INTO `lucky_win` VALUES ('1474349642774335489', '1472049303236763650', '1474347135486513153', '1474347135486513155', 0, 0, NULL, '2021-12-24 20:02:02', '2021-12-24 20:02:02');
INSERT INTO `lucky_win` VALUES ('1474350989737316353', '1472049303236763650', '1474347135486513153', '1474347135486513155', 0, 0, NULL, '2021-12-24 20:07:23', '2021-12-24 20:07:23');
INSERT INTO `lucky_win` VALUES ('1474351085065457665', '1472049303236763650', '1474347135486513153', '1474347135486513156', 0, 0, NULL, '2021-12-24 20:07:45', '2021-12-24 20:07:45');
INSERT INTO `lucky_win` VALUES ('1474351862282571777', '1472049303236763650', '1474347135486513153', '1474347135486513156', 0, 0, NULL, '2021-12-24 20:10:51', '2021-12-24 20:10:51');
INSERT INTO `lucky_win` VALUES ('1474352246166245378', '1472049303236763650', '1474347135486513153', '1474347135486513156', 0, 0, NULL, '2021-12-24 20:12:22', '2021-12-24 20:12:22');
INSERT INTO `lucky_win` VALUES ('1474353064248463362', '1472049303236763650', '1474347135486513153', '1474347135486513156', 0, 0, NULL, '2021-12-24 20:15:37', '2021-12-24 20:15:37');
INSERT INTO `lucky_win` VALUES ('1474353212307394562', '1472049303236763650', '1474347135486513153', '1474347135486513156', 0, 0, NULL, '2021-12-24 20:16:13', '2021-12-24 20:16:13');
INSERT INTO `lucky_win` VALUES ('1474355055238434817', '1472049303236763650', '1474347135486513153', '1474347135486513156', 0, 0, NULL, '2021-12-24 20:23:32', '2021-12-24 20:23:32');
INSERT INTO `lucky_win` VALUES ('1474355114277457922', '1472049303236763650', '1474347135486513153', '1474347135486513156', 0, 0, NULL, '2021-12-24 20:23:46', '2021-12-24 20:23:46');
INSERT INTO `lucky_win` VALUES ('1474355480247259137', '1472049303236763650', '1474347135486513153', '1474347135486513156', 0, 0, NULL, '2021-12-24 20:25:13', '2021-12-24 20:25:13');
INSERT INTO `lucky_win` VALUES ('1474355754827370497', '1472049303236763650', '1474347135486513153', '1474347135486513155', 0, 0, NULL, '2021-12-24 20:26:19', '2021-12-24 20:26:19');
INSERT INTO `lucky_win` VALUES ('1474355855331282946', '1472049303236763650', '1474347135486513153', '1474347135486513155', 0, 0, NULL, '2021-12-24 20:26:43', '2021-12-24 20:26:43');
INSERT INTO `lucky_win` VALUES ('1474355885668683777', '1472049303236763650', '1474347135486513153', '1474347135486513156', 0, 0, NULL, '2021-12-24 20:26:50', '2021-12-24 20:26:50');
INSERT INTO `lucky_win` VALUES ('1474358224077049858', '1472049303236763650', '1474347135486513153', '1474347135486513156', 0, 0, NULL, '2021-12-24 20:36:08', '2021-12-24 20:36:08');
INSERT INTO `lucky_win` VALUES ('1474358281950056449', '1472049303236763650', '1474347135486513153', '1474347135486513155', 0, 0, NULL, '2021-12-24 20:36:21', '2021-12-24 20:36:21');
INSERT INTO `lucky_win` VALUES ('1474358364225523714', '1472049303236763650', '1474347135486513153', '1474347135486513156', 0, 0, NULL, '2021-12-24 20:36:41', '2021-12-24 20:36:41');
INSERT INTO `lucky_win` VALUES ('1474368548134031362', '1472049303236763650', '1474347135486513153', '1474347135486513156', 0, 0, NULL, '2021-12-24 21:17:09', '2021-12-24 21:17:09');
INSERT INTO `lucky_win` VALUES ('1474368895946690561', '1472049303236763650', '1474347135486513153', '1474347135486513156', 0, 0, NULL, '2021-12-24 21:18:32', '2021-12-24 21:18:32');
INSERT INTO `lucky_win` VALUES ('1474369064637403137', '1472049303236763650', '1474347135486513153', '1474347135486513156', 0, 0, NULL, '2021-12-24 21:19:12', '2021-12-24 21:19:12');
INSERT INTO `lucky_win` VALUES ('1474369370192449538', '1472049303236763650', '1474347135486513153', '1474347135486513155', 0, 0, NULL, '2021-12-24 21:20:25', '2021-12-24 21:20:25');
INSERT INTO `lucky_win` VALUES ('1474369516623990785', '1472049303236763650', '1474347135486513153', '1474347135486513155', 0, 0, NULL, '2021-12-24 21:21:00', '2021-12-24 21:21:00');
INSERT INTO `lucky_win` VALUES ('1474369557111607297', '1472049303236763650', '1474347135486513153', '1474347135486513156', 0, 0, NULL, '2021-12-24 21:21:10', '2021-12-24 21:21:10');
INSERT INTO `lucky_win` VALUES ('1474369629190721537', '1472049303236763650', '1474347135486513153', '1474347135486513154', 1, 0, NULL, '2021-12-24 21:21:27', '2021-12-24 21:21:27');
INSERT INTO `lucky_win` VALUES ('1474369804940447745', '1472049303236763650', '1472806851153870850', '1472806851153870853', 1, 0, NULL, '2021-12-24 21:22:09', '2021-12-24 21:22:09');
INSERT INTO `lucky_win` VALUES ('1474370315525070849', '1472049303236763650', '1472806851153870850', '1472806851153870853', 1, 0, NULL, '2021-12-24 21:24:10', '2021-12-24 21:24:10');
INSERT INTO `lucky_win` VALUES ('1474370453714804738', '1472049303236763650', '1472806851153870850', '1472806851153870853', 1, 0, NULL, '2021-12-24 21:24:43', '2021-12-24 21:24:43');
INSERT INTO `lucky_win` VALUES ('1474370704236388354', '1472049303236763650', '1472806851153870850', '1472806851153870853', 1, 0, NULL, '2021-12-24 21:25:43', '2021-12-24 21:25:43');
INSERT INTO `lucky_win` VALUES ('1474370737539162114', '1472049303236763650', '1472806851153870850', '1472806851153870853', 1, 0, NULL, '2021-12-24 21:25:51', '2021-12-24 21:25:51');
INSERT INTO `lucky_win` VALUES ('1474370763392851970', '1472049303236763650', '1472806851153870850', '1472806851153870851', 1, 0, NULL, '2021-12-24 21:25:57', '2021-12-24 21:25:57');
INSERT INTO `lucky_win` VALUES ('1474370835333554177', '1472049303236763650', '1472806851153870850', '1472806851153870853', 1, 0, NULL, '2021-12-24 21:26:14', '2021-12-24 21:26:14');
INSERT INTO `lucky_win` VALUES ('1474370863372476418', '1472049303236763650', '1472806851153870850', '1472806851153870853', 1, 0, NULL, '2021-12-24 21:26:21', '2021-12-24 21:26:21');
INSERT INTO `lucky_win` VALUES ('1474372747650965505', '1472049303236763650', '1472806851153870850', '1472806851153870852', 1, 0, NULL, '2021-12-24 21:33:50', '2021-12-24 21:33:50');
INSERT INTO `lucky_win` VALUES ('1474372785227735041', '1472049303236763650', '1472806851153870850', '1472806851153870853', 1, 0, NULL, '2021-12-24 21:33:59', '2021-12-24 21:33:59');
INSERT INTO `lucky_win` VALUES ('1474378361156444161', '1472049303236763650', '1472806851153870850', '1472806851153870853', 1, 0, NULL, '2021-12-24 21:56:09', '2021-12-24 21:56:09');
INSERT INTO `lucky_win` VALUES ('1474389853998264322', '1472049303236763650', '1472806851153870850', '1472806851153870853', 1, 0, NULL, '2021-12-24 22:41:49', '2021-12-24 22:41:49');
INSERT INTO `lucky_win` VALUES ('1474391179700318210', '1474380138006196225', '1472806851153870850', '1472806851153870851', 1, 0, NULL, '2021-12-24 22:47:05', '2021-12-24 22:47:05');
INSERT INTO `lucky_win` VALUES ('1474392382236635138', '1474380138006196225', '1474392051859697666', '1474392051859697668', 1, 0, NULL, '2021-12-24 22:51:51', '2021-12-24 22:51:51');
INSERT INTO `lucky_win` VALUES ('1474392489166221313', '1474380138006196225', '1474392051859697666', '1474392051859697668', 0, 0, NULL, '2021-12-24 22:52:17', '2021-12-24 22:52:17');
INSERT INTO `lucky_win` VALUES ('1474392508090920961', '1474380138006196225', '1474392051859697666', '1474392051859697669', 1, 0, NULL, '2021-12-24 22:52:21', '2021-12-24 22:52:21');
INSERT INTO `lucky_win` VALUES ('1474392535618138114', '1474380138006196225', '1474392051859697666', '1474392051859697669', 1, 0, NULL, '2021-12-24 22:52:28', '2021-12-24 22:52:28');
INSERT INTO `lucky_win` VALUES ('1474392571106144257', '1474380138006196225', '1474392051859697666', '1474392051859697668', 0, 0, NULL, '2021-12-24 22:52:36', '2021-12-24 22:52:36');
INSERT INTO `lucky_win` VALUES ('1474392595412135937', '1474380138006196225', '1474392051859697666', '1474392051859697668', 0, 0, NULL, '2021-12-24 22:52:42', '2021-12-24 22:52:42');
INSERT INTO `lucky_win` VALUES ('1474392601502265345', '1474380138006196225', '1474392051859697666', '1474392051859697667', 1, 0, NULL, '2021-12-24 22:52:44', '2021-12-24 22:52:44');
INSERT INTO `lucky_win` VALUES ('1474392671400341506', '1474380138006196225', '1474392051859697666', '1474392051859697668', 0, 0, NULL, '2021-12-24 22:53:00', '2021-12-24 22:53:00');
INSERT INTO `lucky_win` VALUES ('1474392678287388673', '1474380138006196225', '1474392051859697666', '1474392051859697668', 0, 0, NULL, '2021-12-24 22:53:02', '2021-12-24 22:53:02');
INSERT INTO `lucky_win` VALUES ('1474392684381712386', '1474380138006196225', '1474392051859697666', '1474392051859697669', 1, 0, NULL, '2021-12-24 22:53:04', '2021-12-24 22:53:04');
INSERT INTO `lucky_win` VALUES ('1474392757245161474', '1474380138006196225', '1474392051859697666', '1474392051859697669', 1, 0, NULL, '2021-12-24 22:53:21', '2021-12-24 22:53:21');
INSERT INTO `lucky_win` VALUES ('1474392783786717185', '1474380138006196225', '1474392051859697666', '1474392051859697669', 1, 0, NULL, '2021-12-24 22:53:27', '2021-12-24 22:53:27');
INSERT INTO `lucky_win` VALUES ('1474392811993411585', '1474380138006196225', '1474392051859697666', '1474392051859697668', 0, 0, NULL, '2021-12-24 22:53:34', '2021-12-24 22:53:34');
INSERT INTO `lucky_win` VALUES ('1474392871707717634', '1474380138006196225', '1474392051859697666', '1474392051859697669', 1, 0, NULL, '2021-12-24 22:53:48', '2021-12-24 22:53:48');
INSERT INTO `lucky_win` VALUES ('1474392899633393665', '1474380138006196225', '1474392051859697666', '1474392051859697668', 0, 0, NULL, '2021-12-24 22:53:55', '2021-12-24 22:53:55');
INSERT INTO `lucky_win` VALUES ('1474392960878620674', '1474380138006196225', '1474392051859697666', '1474392051859697668', 0, 0, NULL, '2021-12-24 22:54:09', '2021-12-24 22:54:09');
INSERT INTO `lucky_win` VALUES ('1474392968826826754', '1474380138006196225', '1474392051859697666', '1474392051859697669', 1, 0, NULL, '2021-12-24 22:54:11', '2021-12-24 22:54:11');
INSERT INTO `lucky_win` VALUES ('1474393183315144705', '1474380138006196225', '1474392051859697666', '1474392051859697669', 1, 0, NULL, '2021-12-24 22:55:02', '2021-12-24 22:55:02');
INSERT INTO `lucky_win` VALUES ('1474393309433671682', '1474380138006196225', '1474392051859697666', '1474392051859697668', 0, 0, NULL, '2021-12-24 22:55:33', '2021-12-24 22:55:33');
INSERT INTO `lucky_win` VALUES ('1474393318141046786', '1474380138006196225', '1474392051859697666', '1474392051859697668', 0, 0, NULL, '2021-12-24 22:55:35', '2021-12-24 22:55:35');
INSERT INTO `lucky_win` VALUES ('1474393853682282498', '1474380138006196225', '1474393765857751041', '1474393765857751043', 1, 0, NULL, '2021-12-24 22:57:42', '2021-12-24 22:57:42');
INSERT INTO `lucky_win` VALUES ('1474393888461451266', '1474380138006196225', '1474393765857751041', '1474393765857751043', 1, 0, NULL, '2021-12-24 22:57:51', '2021-12-24 22:57:51');
INSERT INTO `lucky_win` VALUES ('1474393927367815169', '1474380138006196225', '1474393765857751041', '1474393765857751043', 1, 0, NULL, '2021-12-24 22:58:00', '2021-12-24 22:58:00');
INSERT INTO `lucky_win` VALUES ('1474393956702777346', '1474380138006196225', '1474393765857751041', '1474393765857751043', 1, 0, NULL, '2021-12-24 22:58:07', '2021-12-24 22:58:07');
INSERT INTO `lucky_win` VALUES ('1474393988600459265', '1474380138006196225', '1474393765857751041', '1474393765857751043', 1, 0, NULL, '2021-12-24 22:58:14', '2021-12-24 22:58:14');
INSERT INTO `lucky_win` VALUES ('1474394015251066882', '1474380138006196225', '1474393765857751041', '1474393765857751043', 1, 0, NULL, '2021-12-24 22:58:21', '2021-12-24 22:58:21');
INSERT INTO `lucky_win` VALUES ('1474394212068782082', '1474380138006196225', '1474394147765907457', '1474394147765907459', 1, 0, NULL, '2021-12-24 22:59:08', '2021-12-24 22:59:08');
INSERT INTO `lucky_win` VALUES ('1474394239843463170', '1474380138006196225', '1474394147765907457', '1474394147765907458', 1, 0, NULL, '2021-12-24 22:59:14', '2021-12-24 22:59:14');
INSERT INTO `lucky_win` VALUES ('1474394265755873282', '1474380138006196225', '1474394147765907457', '1474394147765907458', 0, 0, NULL, '2021-12-24 22:59:21', '2021-12-24 22:59:21');
INSERT INTO `lucky_win` VALUES ('1474394288312840193', '1474380138006196225', '1474394147765907457', '1474394147765907458', 0, 0, NULL, '2021-12-24 22:59:26', '2021-12-24 22:59:26');
INSERT INTO `lucky_win` VALUES ('1474394294700765186', '1474380138006196225', '1474394147765907457', '1474394147765907459', 0, 0, NULL, '2021-12-24 22:59:27', '2021-12-24 22:59:27');
INSERT INTO `lucky_win` VALUES ('1474394299859759105', '1474380138006196225', '1474394147765907457', '1474394147765907459', 0, 0, NULL, '2021-12-24 22:59:29', '2021-12-24 22:59:29');
INSERT INTO `lucky_win` VALUES ('1474394307854102529', '1474380138006196225', '1474394147765907457', '1474394147765907459', 0, 0, NULL, '2021-12-24 22:59:31', '2021-12-24 22:59:31');
INSERT INTO `lucky_win` VALUES ('1474394315852640257', '1474380138006196225', '1474394147765907457', '1474394147765907459', 0, 0, NULL, '2021-12-24 22:59:32', '2021-12-24 22:59:32');
INSERT INTO `lucky_win` VALUES ('1474394321737248770', '1474380138006196225', '1474394147765907457', '1474394147765907458', 0, 0, NULL, '2021-12-24 22:59:34', '2021-12-24 22:59:34');
INSERT INTO `lucky_win` VALUES ('1474394327454085121', '1474380138006196225', '1474394147765907457', '1474394147765907458', 0, 0, NULL, '2021-12-24 22:59:35', '2021-12-24 22:59:35');
INSERT INTO `lucky_win` VALUES ('1474394466071638017', '1474380138006196225', '1474393765857751041', '1474393765857751043', 1, 0, NULL, '2021-12-24 23:00:08', '2021-12-24 23:00:08');
INSERT INTO `lucky_win` VALUES ('1474395092314861569', '1474380138006196225', '1474394929236127746', '1474394929299042306', 1, 0, NULL, '2021-12-24 23:02:38', '2021-12-24 23:02:38');
INSERT INTO `lucky_win` VALUES ('1474423101553917953', '1474421780356554753', '1474422607846596609', '1474422607913705474', 1, 0, NULL, '2021-12-25 00:53:56', '2021-12-25 00:53:56');
INSERT INTO `lucky_win` VALUES ('1474440247742943234', '1474420801779318786', '1474438497703043073', '1474438497703043075', 1, 0, NULL, '2021-12-25 02:02:03', '2021-12-25 02:02:03');
INSERT INTO `lucky_win` VALUES ('1474440364508172290', '1474420801779318786', '1474438497703043073', '1474438497703043075', 1, 0, NULL, '2021-12-25 02:02:31', '2021-12-25 02:02:31');
INSERT INTO `lucky_win` VALUES ('1474444449277923329', '1474420801779318786', '1474444293912514562', '1474444293912514564', 1, 0, NULL, '2021-12-25 02:18:45', '2021-12-25 02:18:45');
INSERT INTO `lucky_win` VALUES ('1474444479967645697', '1474420801779318786', '1474444293912514562', '1474444293912514566', 1, 0, NULL, '2021-12-25 02:18:53', '2021-12-25 02:18:53');
INSERT INTO `lucky_win` VALUES ('1474444508052705282', '1474420801779318786', '1474444293912514562', '1474444293912514566', 0, 0, NULL, '2021-12-25 02:18:59', '2021-12-25 02:18:59');
INSERT INTO `lucky_win` VALUES ('1474444516332261377', '1474420801779318786', '1474444293912514562', '1474444293912514566', 0, 0, NULL, '2021-12-25 02:19:01', '2021-12-25 02:19:01');
INSERT INTO `lucky_win` VALUES ('1474444568509403137', '1474420801779318786', '1474444293912514562', '1474444293912514565', 1, 0, NULL, '2021-12-25 02:19:14', '2021-12-25 02:19:14');
INSERT INTO `lucky_win` VALUES ('1474445024258281473', '1472049303236763650', '1474433738661294082', '1474433738720014339', 1, 0, NULL, '2021-12-25 02:21:02', '2021-12-25 02:21:02');
INSERT INTO `lucky_win` VALUES ('1474445042197319682', '1474420801779318786', '1474444958143467522', '1474444958143467525', 1, 0, NULL, '2021-12-25 02:21:07', '2021-12-25 02:21:07');
INSERT INTO `lucky_win` VALUES ('1474445076288622593', '1474420801779318786', '1474444958143467522', '1474444958143467525', 0, 0, NULL, '2021-12-25 02:21:15', '2021-12-25 02:21:15');
INSERT INTO `lucky_win` VALUES ('1474445085012774914', '1474420801779318786', '1474444958143467522', '1474444958143467525', 0, 0, NULL, '2021-12-25 02:21:17', '2021-12-25 02:21:17');
INSERT INTO `lucky_win` VALUES ('1474445673356185602', '1474420801779318786', '1474444958143467522', '1474444958143467525', 0, 0, NULL, '2021-12-25 02:23:37', '2021-12-25 02:23:37');
INSERT INTO `lucky_win` VALUES ('1474445679098187778', '1474420801779318786', '1474444958143467522', '1474444958143467525', 0, 0, NULL, '2021-12-25 02:23:38', '2021-12-25 02:23:38');
INSERT INTO `lucky_win` VALUES ('1474445683711922177', '1474420801779318786', '1474444958143467522', '1474444958143467525', 0, 0, NULL, '2021-12-25 02:23:40', '2021-12-25 02:23:40');
INSERT INTO `lucky_win` VALUES ('1474445688447291394', '1474420801779318786', '1474444958143467522', '1474444958143467525', 0, 0, NULL, '2021-12-25 02:23:41', '2021-12-25 02:23:41');
INSERT INTO `lucky_win` VALUES ('1474445714300981250', '1474420801779318786', '1474444958143467522', '1474444958143467525', 0, 0, NULL, '2021-12-25 02:23:47', '2021-12-25 02:23:47');
INSERT INTO `lucky_win` VALUES ('1474445718671446018', '1474420801779318786', '1474444958143467522', '1474444958143467525', 0, 0, NULL, '2021-12-25 02:23:48', '2021-12-25 02:23:48');
INSERT INTO `lucky_win` VALUES ('1474445722710560769', '1474420801779318786', '1474444958143467522', '1474444958143467525', 0, 0, NULL, '2021-12-25 02:23:49', '2021-12-25 02:23:49');
INSERT INTO `lucky_win` VALUES ('1474445727005528065', '1474420801779318786', '1474444958143467522', '1474444958143467525', 0, 0, NULL, '2021-12-25 02:23:50', '2021-12-25 02:23:50');
INSERT INTO `lucky_win` VALUES ('1474445731313078274', '1474420801779318786', '1474444958143467522', '1474444958143467525', 0, 0, NULL, '2021-12-25 02:23:51', '2021-12-25 02:23:51');
INSERT INTO `lucky_win` VALUES ('1474445806584057857', '1474420801779318786', '1474444958143467522', '1474444958143467525', 0, 0, NULL, '2021-12-25 02:24:09', '2021-12-25 02:24:09');
INSERT INTO `lucky_win` VALUES ('1474445812388974593', '1474420801779318786', '1474444958143467522', '1474444958143467525', 0, 0, NULL, '2021-12-25 02:24:10', '2021-12-25 02:24:10');
INSERT INTO `lucky_win` VALUES ('1474447085393793025', '1474421780356554753', '1474424707615830018', '1474424707615830019', 1, 0, NULL, '2021-12-25 02:29:14', '2021-12-25 02:29:14');
INSERT INTO `lucky_win` VALUES ('1474447143614926849', '1474421780356554753', '1474424707615830018', '1474424707615830020', 1, 0, NULL, '2021-12-25 02:29:28', '2021-12-25 02:29:28');
INSERT INTO `lucky_win` VALUES ('1474447172652093442', '1474421780356554753', '1474424707615830018', '1474424707615830020', 0, 0, NULL, '2021-12-25 02:29:35', '2021-12-25 02:29:35');
INSERT INTO `lucky_win` VALUES ('1474447372170940417', '1474421780356554753', '1474422607846596609', '1474422607913705475', 1, 0, NULL, '2021-12-25 02:30:22', '2021-12-25 02:30:22');
INSERT INTO `lucky_win` VALUES ('1474448182992818177', '1474421780356554753', '1474444958143467522', '1474444958143467525', 0, 0, NULL, '2021-12-25 02:33:35', '2021-12-25 02:33:35');
INSERT INTO `lucky_win` VALUES ('1474448192618745858', '1474421780356554753', '1474444958143467522', '1474444958143467525', 0, 0, NULL, '2021-12-25 02:33:38', '2021-12-25 02:33:38');
INSERT INTO `lucky_win` VALUES ('1474448263997411330', '1472049303236763650', '1474444958143467522', '1474444958143467525', 0, 0, NULL, '2021-12-25 02:33:55', '2021-12-25 02:33:55');
INSERT INTO `lucky_win` VALUES ('1474448269693276162', '1474420801779318786', '1474444958143467522', '1474444958143467525', 0, 0, NULL, '2021-12-25 02:33:56', '2021-12-25 02:33:56');
INSERT INTO `lucky_win` VALUES ('1474448420981821442', '1472049303236763650', '1474444958143467522', '1474444958143467525', 0, 0, NULL, '2021-12-25 02:34:32', '2021-12-25 02:34:32');
INSERT INTO `lucky_win` VALUES ('1474449636436594689', '1472049303236763650', '1474444958143467522', '1474444958143467525', 0, 0, NULL, '2021-12-25 02:39:22', '2021-12-25 02:39:22');
INSERT INTO `lucky_win` VALUES ('1474450142257074178', '1472049303236763650', '1474444958143467522', '1474444958143467525', 0, 0, NULL, '2021-12-25 02:41:23', '2021-12-25 02:41:23');
INSERT INTO `lucky_win` VALUES ('1474450243620818946', '1472049303236763650', '1474444958143467522', '1474444958143467525', 0, 0, NULL, '2021-12-25 02:41:47', '2021-12-25 02:41:47');
INSERT INTO `lucky_win` VALUES ('1474450265993236481', '1472049303236763650', '1474444958143467522', '1474444958143467525', 0, 0, NULL, '2021-12-25 02:41:52', '2021-12-25 02:41:52');
INSERT INTO `lucky_win` VALUES ('1474450342946131970', '1474421780356554753', '1474444958143467522', '1474444958143467525', 0, 0, NULL, '2021-12-25 02:42:10', '2021-12-25 02:42:10');
INSERT INTO `lucky_win` VALUES ('1474450349879316481', '1472049303236763650', '1474444958143467522', '1474444958143467525', 0, 0, NULL, '2021-12-25 02:42:12', '2021-12-25 02:42:12');
INSERT INTO `lucky_win` VALUES ('1474450353457057794', '1474421780356554753', '1474444958143467522', '1474444958143467525', 0, 0, NULL, '2021-12-25 02:42:13', '2021-12-25 02:42:13');
INSERT INTO `lucky_win` VALUES ('1474450360360882178', '1474421780356554753', '1474444958143467522', '1474444958143467525', 0, 0, NULL, '2021-12-25 02:42:15', '2021-12-25 02:42:15');
INSERT INTO `lucky_win` VALUES ('1474450368128733186', '1474421780356554753', '1474444958143467522', '1474444958143467525', 0, 0, NULL, '2021-12-25 02:42:16', '2021-12-25 02:42:16');
INSERT INTO `lucky_win` VALUES ('1474450373145120770', '1472049303236763650', '1474444958143467522', '1474444958143467525', 0, 0, NULL, '2021-12-25 02:42:18', '2021-12-25 02:42:18');
INSERT INTO `lucky_win` VALUES ('1474450374315331585', '1474421780356554753', '1474444958143467522', '1474444958143467525', 0, 0, NULL, '2021-12-25 02:42:18', '2021-12-25 02:42:18');
INSERT INTO `lucky_win` VALUES ('1474450408532463618', '1472049303236763650', '1474444958143467522', '1474444958143467525', 0, 0, NULL, '2021-12-25 02:42:26', '2021-12-25 02:42:26');
INSERT INTO `lucky_win` VALUES ('1474450416342257665', '1472049303236763650', '1474444958143467522', '1474444958143467525', 0, 0, NULL, '2021-12-25 02:42:28', '2021-12-25 02:42:28');
INSERT INTO `lucky_win` VALUES ('1474450421878738946', '1474421780356554753', '1474444958143467522', '1474444958143467525', 0, 0, NULL, '2021-12-25 02:42:29', '2021-12-25 02:42:29');
INSERT INTO `lucky_win` VALUES ('1474450428061143041', '1474421780356554753', '1474444958143467522', '1474444958143467523', 1, 0, NULL, '2021-12-25 02:42:31', '2021-12-25 02:42:31');
INSERT INTO `lucky_win` VALUES ('1474450458075582465', '1474421780356554753', '1474444958143467522', '1474444958143467525', 0, 0, NULL, '2021-12-25 02:42:38', '2021-12-25 02:42:38');
INSERT INTO `lucky_win` VALUES ('1474450461510717441', '1474421780356554753', '1474444958143467522', '1474444958143467525', 0, 0, NULL, '2021-12-25 02:42:39', '2021-12-25 02:42:39');
INSERT INTO `lucky_win` VALUES ('1474450463851139073', '1474421780356554753', '1474444958143467522', '1474444958143467525', 0, 0, NULL, '2021-12-25 02:42:39', '2021-12-25 02:42:39');
INSERT INTO `lucky_win` VALUES ('1474450465549832194', '1474421780356554753', '1474444958143467522', '1474444958143467523', 1, 0, NULL, '2021-12-25 02:42:40', '2021-12-25 02:42:40');
INSERT INTO `lucky_win` VALUES ('1474450492422737922', '1474421780356554753', '1474444958143467522', '1474444958143467525', 0, 0, NULL, '2021-12-25 02:42:46', '2021-12-25 02:42:46');
INSERT INTO `lucky_win` VALUES ('1474450495207755778', '1474421780356554753', '1474444958143467522', '1474444958143467525', 0, 0, NULL, '2021-12-25 02:42:47', '2021-12-25 02:42:47');
INSERT INTO `lucky_win` VALUES ('1474450497032278018', '1474421780356554753', '1474444958143467522', '1474444958143467525', 0, 0, NULL, '2021-12-25 02:42:47', '2021-12-25 02:42:47');
INSERT INTO `lucky_win` VALUES ('1474450498852605953', '1474421780356554753', '1474444958143467522', '1474444958143467525', 0, 0, NULL, '2021-12-25 02:42:48', '2021-12-25 02:42:48');
INSERT INTO `lucky_win` VALUES ('1474450500681322498', '1474421780356554753', '1474444958143467522', '1474444958143467525', 0, 0, NULL, '2021-12-25 02:42:48', '2021-12-25 02:42:48');
INSERT INTO `lucky_win` VALUES ('1474450502371627010', '1474421780356554753', '1474444958143467522', '1474444958143467525', 0, 0, NULL, '2021-12-25 02:42:48', '2021-12-25 02:42:48');
INSERT INTO `lucky_win` VALUES ('1474450504112263170', '1474421780356554753', '1474444958143467522', '1474444958143467525', 0, 0, NULL, '2021-12-25 02:42:49', '2021-12-25 02:42:49');
INSERT INTO `lucky_win` VALUES ('1474450506742091778', '1474421780356554753', '1474444958143467522', '1474444958143467525', 0, 0, NULL, '2021-12-25 02:42:49', '2021-12-25 02:42:49');
INSERT INTO `lucky_win` VALUES ('1474450508755357697', '1474421780356554753', '1474444958143467522', '1474444958143467525', 0, 0, NULL, '2021-12-25 02:42:50', '2021-12-25 02:42:50');
INSERT INTO `lucky_win` VALUES ('1474450509980094466', '1474421780356554753', '1474444958143467522', '1474444958143467525', 0, 0, NULL, '2021-12-25 02:42:50', '2021-12-25 02:42:50');
INSERT INTO `lucky_win` VALUES ('1474450510957367298', '1474421780356554753', '1474444958143467522', '1474444958143467525', 0, 0, NULL, '2021-12-25 02:42:50', '2021-12-25 02:42:50');
INSERT INTO `lucky_win` VALUES ('1474450512056274945', '1474421780356554753', '1474444958143467522', '1474444958143467525', 0, 0, NULL, '2021-12-25 02:42:51', '2021-12-25 02:42:51');
INSERT INTO `lucky_win` VALUES ('1474450513222291458', '1474421780356554753', '1474444958143467522', '1474444958143467525', 0, 0, NULL, '2021-12-25 02:42:51', '2021-12-25 02:42:51');
INSERT INTO `lucky_win` VALUES ('1474450515176837122', '1474421780356554753', '1474444958143467522', '1474444958143467525', 0, 0, NULL, '2021-12-25 02:42:51', '2021-12-25 02:42:51');
INSERT INTO `lucky_win` VALUES ('1474450516217024513', '1474421780356554753', '1474444958143467522', '1474444958143467525', 0, 0, NULL, '2021-12-25 02:42:52', '2021-12-25 02:42:52');
INSERT INTO `lucky_win` VALUES ('1474450517202685953', '1474421780356554753', '1474444958143467522', '1474444958143467525', 0, 0, NULL, '2021-12-25 02:42:52', '2021-12-25 02:42:52');
INSERT INTO `lucky_win` VALUES ('1474450519337586689', '1474421780356554753', '1474444958143467522', '1474444958143467525', 0, 0, NULL, '2021-12-25 02:42:52', '2021-12-25 02:42:52');
INSERT INTO `lucky_win` VALUES ('1474450521678008321', '1474421780356554753', '1474444958143467522', '1474444958143467525', 0, 0, NULL, '2021-12-25 02:42:53', '2021-12-25 02:42:53');
INSERT INTO `lucky_win` VALUES ('1474450523515113473', '1474421780356554753', '1474444958143467522', '1474444958143467525', 0, 0, NULL, '2021-12-25 02:42:53', '2021-12-25 02:42:53');
INSERT INTO `lucky_win` VALUES ('1474450524777598977', '1474421780356554753', '1474444958143467522', '1474444958143467525', 0, 0, NULL, '2021-12-25 02:42:54', '2021-12-25 02:42:54');
INSERT INTO `lucky_win` VALUES ('1474450526757310466', '1474421780356554753', '1474444958143467522', '1474444958143467525', 0, 0, NULL, '2021-12-25 02:42:54', '2021-12-25 02:42:54');
INSERT INTO `lucky_win` VALUES ('1474450527667474433', '1474421780356554753', '1474444958143467522', '1474444958143467525', 0, 0, NULL, '2021-12-25 02:42:54', '2021-12-25 02:42:54');
INSERT INTO `lucky_win` VALUES ('1474450528648941569', '1474421780356554753', '1474444958143467522', '1474444958143467525', 0, 0, NULL, '2021-12-25 02:42:55', '2021-12-25 02:42:55');
INSERT INTO `lucky_win` VALUES ('1474450529756237826', '1474421780356554753', '1474444958143467522', '1474444958143467525', 0, 0, NULL, '2021-12-25 02:42:55', '2021-12-25 02:42:55');
INSERT INTO `lucky_win` VALUES ('1474450530737704961', '1474421780356554753', '1474444958143467522', '1474444958143467525', 0, 0, NULL, '2021-12-25 02:42:55', '2021-12-25 02:42:55');
INSERT INTO `lucky_win` VALUES ('1474450532105048065', '1474421780356554753', '1474444958143467522', '1474444958143467525', 0, 0, NULL, '2021-12-25 02:42:55', '2021-12-25 02:42:55');
INSERT INTO `lucky_win` VALUES ('1474450533090709506', '1474421780356554753', '1474444958143467522', '1474444958143467525', 0, 0, NULL, '2021-12-25 02:42:56', '2021-12-25 02:42:56');
INSERT INTO `lucky_win` VALUES ('1474450534256726018', '1474421780356554753', '1474444958143467522', '1474444958143467525', 0, 0, NULL, '2021-12-25 02:42:56', '2021-12-25 02:42:56');
INSERT INTO `lucky_win` VALUES ('1474450535229804545', '1474421780356554753', '1474444958143467522', '1474444958143467525', 0, 0, NULL, '2021-12-25 02:42:56', '2021-12-25 02:42:56');
INSERT INTO `lucky_win` VALUES ('1474450536475512833', '1474421780356554753', '1474444958143467522', '1474444958143467525', 0, 0, NULL, '2021-12-25 02:42:57', '2021-12-25 02:42:57');
INSERT INTO `lucky_win` VALUES ('1474450537456979970', '1474421780356554753', '1474444958143467522', '1474444958143467525', 0, 0, NULL, '2021-12-25 02:42:57', '2021-12-25 02:42:57');
INSERT INTO `lucky_win` VALUES ('1474450538560081922', '1474421780356554753', '1474444958143467522', '1474444958143467525', 0, 0, NULL, '2021-12-25 02:42:57', '2021-12-25 02:42:57');
INSERT INTO `lucky_win` VALUES ('1474450539340222466', '1474421780356554753', '1474444958143467522', '1474444958143467525', 0, 0, NULL, '2021-12-25 02:42:57', '2021-12-25 02:42:57');
INSERT INTO `lucky_win` VALUES ('1474450540376215554', '1474421780356554753', '1474444958143467522', '1474444958143467525', 0, 0, NULL, '2021-12-25 02:42:57', '2021-12-25 02:42:57');
INSERT INTO `lucky_win` VALUES ('1474450541160550401', '1474421780356554753', '1474444958143467522', '1474444958143467525', 0, 0, NULL, '2021-12-25 02:42:58', '2021-12-25 02:42:58');
INSERT INTO `lucky_win` VALUES ('1474450542469173250', '1474421780356554753', '1474444958143467522', '1474444958143467525', 0, 0, NULL, '2021-12-25 02:42:58', '2021-12-25 02:42:58');
INSERT INTO `lucky_win` VALUES ('1474450543438057473', '1474421780356554753', '1474444958143467522', '1474444958143467525', 0, 0, NULL, '2021-12-25 02:42:58', '2021-12-25 02:42:58');
INSERT INTO `lucky_win` VALUES ('1474450544281112577', '1474421780356554753', '1474444958143467522', '1474444958143467525', 0, 0, NULL, '2021-12-25 02:42:58', '2021-12-25 02:42:58');
INSERT INTO `lucky_win` VALUES ('1474450545258385410', '1474421780356554753', '1474444958143467522', '1474444958143467525', 0, 0, NULL, '2021-12-25 02:42:59', '2021-12-25 02:42:59');
INSERT INTO `lucky_win` VALUES ('1474450546369875970', '1474421780356554753', '1474444958143467522', '1474444958143467525', 0, 0, NULL, '2021-12-25 02:42:59', '2021-12-25 02:42:59');
INSERT INTO `lucky_win` VALUES ('1474450547280039938', '1474421780356554753', '1474444958143467522', '1474444958143467525', 0, 0, NULL, '2021-12-25 02:42:59', '2021-12-25 02:42:59');
INSERT INTO `lucky_win` VALUES ('1474450548198592513', '1474421780356554753', '1474444958143467522', '1474444958143467525', 0, 0, NULL, '2021-12-25 02:42:59', '2021-12-25 02:42:59');
INSERT INTO `lucky_win` VALUES ('1474450940013694977', '1474421780356554753', '1474450812297138178', '1474450812297138179', 1, 0, NULL, '2021-12-25 02:44:33', '2021-12-25 02:44:33');
INSERT INTO `lucky_win` VALUES ('1474450967289253890', '1474421780356554753', '1474450812297138178', '1474450812297138181', 1, 0, NULL, '2021-12-25 02:44:39', '2021-12-25 02:44:39');
INSERT INTO `lucky_win` VALUES ('1474450993805643777', '1474421780356554753', '1474450812297138178', '1474450812297138181', 1, 0, NULL, '2021-12-25 02:44:46', '2021-12-25 02:44:46');
INSERT INTO `lucky_win` VALUES ('1474451020401725442', '1474421780356554753', '1474450812297138178', '1474450812297138180', 1, 0, NULL, '2021-12-25 02:44:52', '2021-12-25 02:44:52');
INSERT INTO `lucky_win` VALUES ('1474451047215910913', '1474421780356554753', '1474450812297138178', '1474450812297138181', 1, 0, NULL, '2021-12-25 02:44:58', '2021-12-25 02:44:58');
INSERT INTO `lucky_win` VALUES ('1474451073526779906', '1474421780356554753', '1474450812297138178', '1474450812297138181', 1, 0, NULL, '2021-12-25 02:45:05', '2021-12-25 02:45:05');
INSERT INTO `lucky_win` VALUES ('1474451099674071041', '1474421780356554753', '1474450812297138178', '1474450812297138179', 0, 0, NULL, '2021-12-25 02:45:11', '2021-12-25 02:45:11');
INSERT INTO `lucky_win` VALUES ('1474451105286049794', '1474421780356554753', '1474450812297138178', '1474450812297138181', 1, 0, NULL, '2021-12-25 02:45:12', '2021-12-25 02:45:12');
INSERT INTO `lucky_win` VALUES ('1474451131571752962', '1474421780356554753', '1474450812297138178', '1474450812297138180', 0, 0, NULL, '2021-12-25 02:45:18', '2021-12-25 02:45:18');
INSERT INTO `lucky_win` VALUES ('1474451615024009218', '1472049303236763650', '1474444958143467522', '1474444958143467525', 0, 0, NULL, '2021-12-25 02:47:14', '2021-12-25 02:47:14');
INSERT INTO `lucky_win` VALUES ('1474451727091617794', '1472049303236763650', '1474444958143467522', '1474444958143467525', 0, 0, NULL, '2021-12-25 02:47:40', '2021-12-25 02:47:40');
INSERT INTO `lucky_win` VALUES ('1474451755902291970', '1472049303236763650', '1474444958143467522', '1474444958143467525', 0, 0, NULL, '2021-12-25 02:47:47', '2021-12-25 02:47:47');
INSERT INTO `lucky_win` VALUES ('1474452022655832066', '1474451440016674818', '1474444958143467522', '1474444958143467525', 0, 0, NULL, '2021-12-25 02:48:51', '2021-12-25 02:48:51');
INSERT INTO `lucky_win` VALUES ('1474452051634278401', '1474451440016674818', '1474444958143467522', '1474444958143467525', 0, 0, NULL, '2021-12-25 02:48:58', '2021-12-25 02:48:58');
INSERT INTO `lucky_win` VALUES ('1474452078477824001', '1474451440016674818', '1474444958143467522', '1474444958143467525', 0, 0, NULL, '2021-12-25 02:49:04', '2021-12-25 02:49:04');
INSERT INTO `lucky_win` VALUES ('1474452315418251266', '1474451440016674818', '1474452204386635777', '1474452204453744642', 1, 0, NULL, '2021-12-25 02:50:01', '2021-12-25 02:50:01');
INSERT INTO `lucky_win` VALUES ('1474452342509260801', '1474451440016674818', '1474452204386635777', '1474452204386635778', 1, 0, NULL, '2021-12-25 02:50:07', '2021-12-25 02:50:07');
INSERT INTO `lucky_win` VALUES ('1474452369445081090', '1474451440016674818', '1474452204386635777', '1474452204386635779', 1, 0, NULL, '2021-12-25 02:50:14', '2021-12-25 02:50:14');
INSERT INTO `lucky_win` VALUES ('1474452408716349441', '1474451440016674818', '1474452204386635777', '1474452204453744642', 0, 0, NULL, '2021-12-25 02:50:23', '2021-12-25 02:50:23');
INSERT INTO `lucky_win` VALUES ('1474452846677184514', '1474451440016674818', '1474452733443559426', '1474452733443559427', 1, 0, NULL, '2021-12-25 02:52:07', '2021-12-25 02:52:07');
INSERT INTO `lucky_win` VALUES ('1474452873898217474', '1474451440016674818', '1474452733443559426', '1474452733443559429', 1, 0, NULL, '2021-12-25 02:52:14', '2021-12-25 02:52:14');
INSERT INTO `lucky_win` VALUES ('1474452900209086465', '1474451440016674818', '1474452733443559426', '1474452733443559429', 0, 0, NULL, '2021-12-25 02:52:20', '2021-12-25 02:52:20');
INSERT INTO `lucky_win` VALUES ('1474452927832772609', '1474451440016674818', '1474452733443559426', '1474452733443559429', 0, 0, NULL, '2021-12-25 02:52:27', '2021-12-25 02:52:27');
INSERT INTO `lucky_win` VALUES ('1474452953933926402', '1474451440016674818', '1474452733443559426', '1474452733443559429', 0, 0, NULL, '2021-12-25 02:52:33', '2021-12-25 02:52:33');
INSERT INTO `lucky_win` VALUES ('1474452980228018178', '1474451440016674818', '1474452733443559426', '1474452733443559427', 0, 0, NULL, '2021-12-25 02:52:39', '2021-12-25 02:52:39');
INSERT INTO `lucky_win` VALUES ('1474453006132039682', '1474451440016674818', '1474452733443559426', '1474452733443559429', 0, 0, NULL, '2021-12-25 02:52:45', '2021-12-25 02:52:45');
INSERT INTO `lucky_win` VALUES ('1474453032191250433', '1474451440016674818', '1474452733443559426', '1474452733443559427', 0, 0, NULL, '2021-12-25 02:52:52', '2021-12-25 02:52:52');
INSERT INTO `lucky_win` VALUES ('1474457748157616130', '1474398326056136706', '1474444958143467522', '1474444958143467525', 0, 0, NULL, '2021-12-25 03:11:36', '2021-12-25 03:11:36');
INSERT INTO `lucky_win` VALUES ('1474458916267085825', '1472049303236763650', '1474433245188845570', '1474433245251760131', 1, 0, NULL, '2021-12-25 03:16:14', '2021-12-25 03:16:14');
INSERT INTO `lucky_win` VALUES ('1474624525200728066', '1474420801779318786', '1474438497703043073', '1474438497703043076', 1, 0, NULL, '2021-12-25 14:14:19', '2021-12-25 14:14:19');
INSERT INTO `lucky_win` VALUES ('1474625812554235905', '1474421780356554753', '1474422607846596609', '1474422607913705475', 0, 0, NULL, '2021-12-25 14:19:26', '2021-12-25 14:19:26');
INSERT INTO `lucky_win` VALUES ('1474629632877355009', '1474398326056136706', '1474444958143467522', '1474444958143467525', 0, 0, NULL, '2021-12-25 14:34:36', '2021-12-25 14:34:36');
INSERT INTO `lucky_win` VALUES ('1474642221736849409', '1474642152488890370', '1474641836624244737', '1474641837765095426', 1, 0, NULL, '2021-12-25 15:24:38', '2021-12-25 15:24:38');
INSERT INTO `lucky_win` VALUES ('1474642456563347457', '1474398326056136706', '1474641836624244737', '1474641837765095427', 1, 0, NULL, '2021-12-25 15:25:34', '2021-12-25 15:25:34');
INSERT INTO `lucky_win` VALUES ('1474642490860171266', '1474398326056136706', '1474641836624244737', '1474641837765095426', 0, 0, NULL, '2021-12-25 15:25:42', '2021-12-25 15:25:42');
INSERT INTO `lucky_win` VALUES ('1474642506790137858', '1474642152488890370', '1474641836624244737', '1474641837765095427', 1, 0, NULL, '2021-12-25 15:25:46', '2021-12-25 15:25:46');
INSERT INTO `lucky_win` VALUES ('1474642543213473793', '1474642152488890370', '1474641836624244737', '1474641837765095427', 1, 0, NULL, '2021-12-25 15:25:55', '2021-12-25 15:25:55');
INSERT INTO `lucky_win` VALUES ('1474643216776753153', '1474421780356554753', '1474422607846596609', '1474422607846596611', 1, 0, NULL, '2021-12-25 15:28:35', '2021-12-25 15:28:35');
INSERT INTO `lucky_win` VALUES ('1474643247588110338', '1474421780356554753', '1474422607846596609', '1474422607913705475', 0, 0, NULL, '2021-12-25 15:28:42', '2021-12-25 15:28:42');
INSERT INTO `lucky_win` VALUES ('1474643276834992129', '1474421780356554753', '1474422607846596609', '1474422607846596610', 1, 0, NULL, '2021-12-25 15:28:49', '2021-12-25 15:28:49');

-- ----------------------------
-- Table structure for notice
-- ----------------------------
DROP TABLE IF EXISTS `notice`;
CREATE TABLE `notice`  (
  `id` varchar(200) CHARACTER SET utf8mb4 COLLATE utf8mb4_general_ci NOT NULL COMMENT '编号',
  `user_id` varchar(200) CHARACTER SET utf8mb4 COLLATE utf8mb4_general_ci NOT NULL COMMENT '用户编号',
  `message` text CHARACTER SET utf8mb4 COLLATE utf8mb4_general_ci NOT NULL COMMENT '消息内容',
  `status` int NOT NULL DEFAULT 0 COMMENT '状态（0 未读，1 已读）',
  `is_deleted` varchar(255) CHARACTER SET utf8mb4 COLLATE utf8mb4_general_ci NOT NULL DEFAULT '0' COMMENT '逻辑删除',
  `remark` text CHARACTER SET utf8mb4 COLLATE utf8mb4_general_ci NULL COMMENT '备注',
  `create_time` datetime NOT NULL COMMENT '创建时间',
  `update_time` datetime NOT NULL COMMENT '更新时间',
  PRIMARY KEY (`id`) USING BTREE
) ENGINE = InnoDB CHARACTER SET = utf8mb4 COLLATE = utf8mb4_general_ci ROW_FORMAT = Dynamic;

-- ----------------------------
-- Records of notice
-- ----------------------------
INSERT INTO `notice` VALUES ('1472788090904498177', '1472049303236763650', '恭喜中奖！', 1, '0', NULL, '2021-12-20 12:36:59', '2021-12-20 12:36:59');
INSERT INTO `notice` VALUES ('1472788395540955138', '1472049303236763650', '恭喜中奖！', 1, '0', NULL, '2021-12-20 12:38:11', '2021-12-20 12:38:11');
INSERT INTO `notice` VALUES ('1472822917552754690', '1472049303236763650', '恭喜您获得二等奖，奖品为小米电脑一份', 1, '0', NULL, '2021-12-20 14:55:22', '2021-12-20 14:55:22');
INSERT INTO `notice` VALUES ('1472823079318671361', '1472049303236763650', '恭喜您获得谢谢参与，奖品为谢谢参与一份', 1, '0', NULL, '2021-12-20 14:56:00', '2021-12-20 14:56:01');
INSERT INTO `notice` VALUES ('1472824093178449922', '1472049303236763650', '恭喜您获得一等奖，奖品为华为Pro40一份', 1, '0', NULL, '2021-12-20 15:00:02', '2021-12-20 15:00:02');
INSERT INTO `notice` VALUES ('1472824093245558785', '1472049303236763650', '您好，您创建的抽奖活动,结束啦!活动开始时间：Mon Dec 20 00:00:00 CST 2021，结束时间：Fri Dec 24 00:00:00 CST 2021', 1, '0', NULL, '2021-12-20 15:00:02', '2021-12-20 15:00:02');
INSERT INTO `notice` VALUES ('1472825506252029953', '1472049303236763650', '恭喜您获得一等奖，奖品为华为Pro40一份', 1, '0', NULL, '2021-12-20 15:05:39', '2021-12-20 15:05:39');
INSERT INTO `notice` VALUES ('1472825514460282883', '1472049303236763650', '恭喜您获得二等奖，奖品为小米电脑一份', 1, '0', NULL, '2021-12-20 15:05:41', '2021-12-20 15:05:41');
INSERT INTO `notice` VALUES ('1472825525482913794', '1472049303236763650', '恭喜您获得二等奖，奖品为小米电脑一份', 1, '0', NULL, '2021-12-20 15:05:44', '2021-12-20 15:05:44');
INSERT INTO `notice` VALUES ('1472825539382837251', '1472049303236763650', '恭喜您获得二等奖，奖品为小米电脑一份', 1, '0', NULL, '2021-12-20 15:05:47', '2021-12-20 15:05:47');
INSERT INTO `notice` VALUES ('1472825594785398786', '1472049303236763650', '恭喜您获得二等奖，奖品为小米电脑一份', 1, '0', NULL, '2021-12-20 15:06:00', '2021-12-20 15:06:00');
INSERT INTO `notice` VALUES ('1472826488587386882', '1472049303236763650', '恭喜您获得一等奖，奖品为Mac Book Pro一份', 1, '0', NULL, '2021-12-20 15:09:33', '2021-12-20 15:09:33');
INSERT INTO `notice` VALUES ('1474349293766299650', '1472049303236763650', '恭喜您获得二等奖，奖品为小米电脑一份', 1, '0', NULL, '2021-12-24 20:00:38', '2021-12-24 20:00:38');
INSERT INTO `notice` VALUES ('1474369629190721538', '1472049303236763650', '恭喜您获得一等奖，奖品为华为Pro40一份', 1, '0', NULL, '2021-12-24 21:21:27', '2021-12-24 21:21:27');
INSERT INTO `notice` VALUES ('1474369629253636098', '1472049303236763650', '您好，您创建的抽奖活动,结束啦!活动开始时间：Fri Dec 24 00:00:00 CST 2021，结束时间：Wed Dec 29 00:00:00 CST 2021', 1, '0', NULL, '2021-12-24 21:21:27', '2021-12-24 21:21:27');
INSERT INTO `notice` VALUES ('1474370763392851971', '1472049303236763650', '恭喜您获得一等奖，奖品为华为Pro40一份', 1, '0', NULL, '2021-12-24 21:25:57', '2021-12-24 21:25:57');
INSERT INTO `notice` VALUES ('1474372747650965506', '1472049303236763650', '恭喜您获得二等奖，奖品为小米电脑一份', 1, '0', NULL, '2021-12-24 21:33:50', '2021-12-24 21:33:50');
INSERT INTO `notice` VALUES ('1474391179767427074', '1474380138006196225', '恭喜您获得一等奖，奖品为华为Pro40一份', 1, '0', NULL, '2021-12-24 22:47:05', '2021-12-24 22:47:05');
INSERT INTO `notice` VALUES ('1474392382299549697', '1474380138006196225', '恭喜您获得二等奖，奖品为避孕套一份', 1, '0', NULL, '2021-12-24 22:51:51', '2021-12-24 22:51:51');
INSERT INTO `notice` VALUES ('1474392601502265346', '1474380138006196225', '恭喜您获得一等奖，奖品为充气娃娃一份', 1, '0', NULL, '2021-12-24 22:52:44', '2021-12-24 22:52:44');
INSERT INTO `notice` VALUES ('1474393853682282499', '1474380138006196225', '恭喜您获得二等奖，奖品为避孕套一份', 1, '0', NULL, '2021-12-24 22:57:42', '2021-12-24 22:57:42');
INSERT INTO `notice` VALUES ('1474393888461451267', '1474380138006196225', '恭喜您获得二等奖，奖品为避孕套一份', 1, '0', NULL, '2021-12-24 22:57:51', '2021-12-24 22:57:51');
INSERT INTO `notice` VALUES ('1474393927434924034', '1474380138006196225', '恭喜您获得二等奖，奖品为避孕套一份', 1, '0', NULL, '2021-12-24 22:58:00', '2021-12-24 22:58:00');
INSERT INTO `notice` VALUES ('1474393956702777347', '1474380138006196225', '恭喜您获得二等奖，奖品为避孕套一份', 1, '0', NULL, '2021-12-24 22:58:07', '2021-12-24 22:58:07');
INSERT INTO `notice` VALUES ('1474393988600459266', '1474380138006196225', '恭喜您获得二等奖，奖品为避孕套一份', 1, '0', NULL, '2021-12-24 22:58:14', '2021-12-24 22:58:14');
INSERT INTO `notice` VALUES ('1474394015318175746', '1474380138006196225', '恭喜您获得二等奖，奖品为避孕套一份', 1, '0', NULL, '2021-12-24 22:58:21', '2021-12-24 22:58:21');
INSERT INTO `notice` VALUES ('1474394212068782083', '1474380138006196225', '恭喜您获得二等奖，奖品为小米电脑一份', 1, '0', NULL, '2021-12-24 22:59:08', '2021-12-24 22:59:08');
INSERT INTO `notice` VALUES ('1474394239843463171', '1474380138006196225', '恭喜您获得一等奖，奖品为华为Pro40一份', 1, '0', NULL, '2021-12-24 22:59:14', '2021-12-24 22:59:14');
INSERT INTO `notice` VALUES ('1474394466071638018', '1474380138006196225', '恭喜您获得二等奖，奖品为避孕套一份', 1, '0', NULL, '2021-12-24 23:00:08', '2021-12-24 23:00:08');
INSERT INTO `notice` VALUES ('1474395092381970433', '1474380138006196225', '恭喜您获得二等奖，奖品为小米电脑一份', 1, '0', NULL, '2021-12-24 23:02:38', '2021-12-24 23:02:38');
INSERT INTO `notice` VALUES ('1474423101553917954', '1474421780356554753', '恭喜您获得三等奖，奖品为柠檬拉的屎一份', 1, '0', NULL, '2021-12-25 00:53:56', '2021-12-25 00:53:56');
INSERT INTO `notice` VALUES ('1474440247742943235', '1474420801779318786', '恭喜您获得二等奖，奖品为王洪文一份', 1, '0', NULL, '2021-12-25 02:02:04', '2021-12-25 02:02:04');
INSERT INTO `notice` VALUES ('1474440364575281153', '1474420801779318786', '恭喜您获得二等奖，奖品为王洪文一份', 1, '0', NULL, '2021-12-25 02:02:31', '2021-12-25 02:02:31');
INSERT INTO `notice` VALUES ('1474444449735102465', '1474420801779318786', '恭喜您获得二等奖，奖品为表情包一份', 0, '0', NULL, '2021-12-25 02:18:45', '2021-12-25 02:18:45');
INSERT INTO `notice` VALUES ('1474444568509403138', '1474420801779318786', '恭喜您获得三等奖，奖品为我的面一份', 0, '0', NULL, '2021-12-25 02:19:14', '2021-12-25 02:19:14');
INSERT INTO `notice` VALUES ('1474447085393793026', '1474421780356554753', '恭喜您获得一等奖，奖品为华为Pro40一份', 1, '0', NULL, '2021-12-25 02:29:14', '2021-12-25 02:29:14');
INSERT INTO `notice` VALUES ('1474447143614926850', '1474421780356554753', '恭喜您获得二等奖，奖品为小米电脑一份', 1, '0', NULL, '2021-12-25 02:29:28', '2021-12-25 02:29:28');
INSERT INTO `notice` VALUES ('1474447372238049282', '1474421780356554753', '恭喜您获得特等奖，奖品为批！一份', 1, '0', NULL, '2021-12-25 02:30:22', '2021-12-25 02:30:22');
INSERT INTO `notice` VALUES ('1474450428061143042', '1474421780356554753', '恭喜您获得一等奖，奖品为华为Pro40一份', 1, '0', NULL, '2021-12-25 02:42:31', '2021-12-25 02:42:31');
INSERT INTO `notice` VALUES ('1474450465616941058', '1474421780356554753', '恭喜您获得一等奖，奖品为华为Pro40一份', 1, '0', NULL, '2021-12-25 02:42:40', '2021-12-25 02:42:40');
INSERT INTO `notice` VALUES ('1474450940013694978', '1474421780356554753', '恭喜您获得一等奖，奖品为华为Pro40一份', 1, '0', NULL, '2021-12-25 02:44:33', '2021-12-25 02:44:33');
INSERT INTO `notice` VALUES ('1474451020401725443', '1474421780356554753', '恭喜您获得二等奖，奖品为小米电脑一份', 1, '0', NULL, '2021-12-25 02:44:52', '2021-12-25 02:44:52');
INSERT INTO `notice` VALUES ('1474452342509260802', '1474451440016674818', '恭喜您获得一等奖，奖品为华为Pro40一份', 1, '0', NULL, '2021-12-25 02:50:07', '2021-12-25 02:50:07');
INSERT INTO `notice` VALUES ('1474452369445081091', '1474451440016674818', '恭喜您获得二等奖，奖品为小米电脑一份', 1, '0', NULL, '2021-12-25 02:50:14', '2021-12-25 02:50:14');
INSERT INTO `notice` VALUES ('1474452846677184515', '1474451440016674818', '恭喜您获得一等奖，奖品为华为Pro40一份', 1, '0', NULL, '2021-12-25 02:52:07', '2021-12-25 02:52:07');
INSERT INTO `notice` VALUES ('1474624525267836929', '1474420801779318786', '恭喜您获得三等奖，奖品为权志龙一份', 0, '0', NULL, '2021-12-25 14:14:19', '2021-12-25 14:14:19');
INSERT INTO `notice` VALUES ('1474642221736849410', '1474642152488890370', '恭喜您获得二等奖，奖品为小米电脑一份', 0, '0', NULL, '2021-12-25 15:24:38', '2021-12-25 15:24:38');
INSERT INTO `notice` VALUES ('1474643216843862018', '1474421780356554753', '恭喜您获得二等奖，奖品为三食堂的面一份', 0, '0', NULL, '2021-12-25 15:28:35', '2021-12-25 15:28:35');
INSERT INTO `notice` VALUES ('1474643276834992130', '1474421780356554753', '恭喜您获得一等奖，奖品为现摘红薯一份', 0, '0', NULL, '2021-12-25 15:28:49', '2021-12-25 15:28:49');

-- ----------------------------
-- Table structure for prize
-- ----------------------------
DROP TABLE IF EXISTS `prize`;
CREATE TABLE `prize`  (
  `id` varchar(200) CHARACTER SET utf8mb4 COLLATE utf8mb4_general_ci NOT NULL COMMENT '编号',
  `lucky_id` varchar(200) CHARACTER SET utf8mb4 COLLATE utf8mb4_general_ci NOT NULL COMMENT '所属抽奖活动',
  `number` int NOT NULL COMMENT '奖品数量',
  `probability` decimal(10, 3) NOT NULL COMMENT '中奖率',
  `prize_name` varchar(50) CHARACTER SET utf8mb4 COLLATE utf8mb4_general_ci NOT NULL COMMENT '奖品名称',
  `text` varchar(50) CHARACTER SET utf8mb4 COLLATE utf8mb4_general_ci NOT NULL COMMENT '奖品等级',
  `img_url` varchar(200) CHARACTER SET utf8mb4 COLLATE utf8mb4_general_ci NOT NULL COMMENT '奖品图片',
  `is_deleted` int NOT NULL DEFAULT 0 COMMENT '逻辑删除',
  `remark` text CHARACTER SET utf8mb4 COLLATE utf8mb4_general_ci NULL COMMENT '备注',
  `create_time` datetime NOT NULL COMMENT '创建时间',
  `update_time` datetime NOT NULL COMMENT '更新时间',
  PRIMARY KEY (`id`) USING BTREE
) ENGINE = InnoDB CHARACTER SET = utf8mb4 COLLATE = utf8mb4_general_ci ROW_FORMAT = DYNAMIC;

-- ----------------------------
-- Records of prize
-- ----------------------------
INSERT INTO `prize` VALUES ('1472057667920445442', '1472057667903668226', 10, 0.600, 'Mac Book Pro', '一等奖', 'http://img30.360buyimg.com/popWareDetail/jfs/t1/206035/6/12265/214159/6173e134E96e013a2/4cffe84c8fee31e6.jpg', 0, NULL, '2021-12-18 12:14:32', '2021-12-18 12:14:32');
INSERT INTO `prize` VALUES ('1472058294054535170', '1472058294054535169', 0, 0.600, 'Mac Book Pro', '一等奖', 'http://img30.360buyimg.com/popWareDetail/jfs/t1/206035/6/12265/214159/6173e134E96e013a2/4cffe84c8fee31e6.jpg', 0, NULL, '2021-12-18 12:17:01', '2021-12-18 12:17:01');
INSERT INTO `prize` VALUES ('1472058294121644034', '1472058294054535169', 4, 0.100, 'iPhone 13 Pro Max', '二等奖', 'https://store.storeimages.cdn-apple.com/8756/as-images.apple.com/is/iphone-13-pro-family-hero?wid=470&hei=556&fmt=png-alpha&.v=1631220221000', 0, NULL, '2021-12-18 12:17:01', '2021-12-18 12:17:01');
INSERT INTO `prize` VALUES ('1472806851153870851', '1472806851153870850', 96, 10.000, '华为Pro40', '一等奖', 'http://192.168.201.104/电脑-1639979469039.png', 0, NULL, '2021-12-20 13:51:31', '2021-12-20 13:51:31');
INSERT INTO `prize` VALUES ('1472806851153870852', '1472806851153870850', 994, 20.000, '小米电脑', '二等奖', 'http://192.168.201.104/手机-1639979472485.jpg', 0, NULL, '2021-12-20 13:51:31', '2021-12-20 13:51:31');
INSERT INTO `prize` VALUES ('1472806851153870853', '1472806851153870850', 99976, 70.000, '谢谢参与', '谢谢参与', 'http://192.168.201.104/%E6%9C%AA%E4%B8%AD%E5%A5%96-1639979379605.png', 0, NULL, '2021-12-20 13:51:31', '2021-12-20 13:51:31');
INSERT INTO `prize` VALUES ('1472815569496969219', '1472815569496969218', 9, 0.600, 'Mac Book Pro', '一等奖', 'http://img30.360buyimg.com/popWareDetail/jfs/t1/206035/6/12265/214159/6173e134E96e013a2/4cffe84c8fee31e6.jpg', 0, NULL, '2021-12-20 14:26:10', '2021-12-20 14:26:10');
INSERT INTO `prize` VALUES ('1472815569631186946', '1472815569496969218', 10, 0.100, 'iPhone 13 Pro Max', '二等奖', 'https://store.storeimages.cdn-apple.com/8756/as-images.apple.com/is/iphone-13-pro-family-hero?wid=470&hei=556&fmt=png-alpha&.v=1631220221000', 0, NULL, '2021-12-20 14:26:10', '2021-12-20 14:26:10');
INSERT INTO `prize` VALUES ('1474346726030168065', '1474346718954377217', 1, 10.000, '华为Pro40', '一等奖', 'http://192.168.201.104/电脑-1640346104749.png', 0, NULL, '2021-12-24 19:50:26', '2021-12-24 19:50:26');
INSERT INTO `prize` VALUES ('1474347135486513154', '1474347135486513153', 0, 10.000, '华为Pro40', '一等奖', 'http://192.168.201.104/电脑-1640346678740.png', 0, NULL, '2021-12-24 19:52:04', '2021-12-24 19:52:04');
INSERT INTO `prize` VALUES ('1474347135486513155', '1474347135486513153', 0, 20.000, '小米电脑', '二等奖', 'http://192.168.201.104/手机-1640346683993.jpg', 0, NULL, '2021-12-24 19:52:04', '2021-12-24 19:52:04');
INSERT INTO `prize` VALUES ('1474347135486513156', '1474347135486513153', 0, 70.000, '谢谢参与', '谢谢参与', 'http://192.168.201.104/%E6%9C%AA%E4%B8%AD%E5%A5%96-1639979379605.png', 0, NULL, '2021-12-24 19:52:04', '2021-12-24 19:52:04');
INSERT INTO `prize` VALUES ('1474392051859697667', '1474392051859697666', 0, 10.000, '充气娃娃', '一等奖', 'http://192.168.201.104/6B53428C2CA21783A7DCEA3FE4A097B4-1640357361714.jpg', 0, NULL, '2021-12-24 22:50:33', '2021-12-24 22:50:33');
INSERT INTO `prize` VALUES ('1474392051859697668', '1474392051859697666', 0, 70.000, '避孕套', '二等奖', 'http://192.168.201.104/1640313432752-1640357368467.jpeg', 0, NULL, '2021-12-24 22:50:33', '2021-12-24 22:50:33');
INSERT INTO `prize` VALUES ('1474392051859697669', '1474392051859697666', 8, 20.000, '谢谢参与', '谢谢参与', 'http://192.168.201.104/%E6%9C%AA%E4%B8%AD%E5%A5%96-1639979379605.png', 0, NULL, '2021-12-24 22:50:33', '2021-12-24 22:50:33');
INSERT INTO `prize` VALUES ('1474393765857751042', '1474393765857751041', 6, 10.000, '充气娃娃', '一等奖', 'http://192.168.201.104/6B53428C2CA21783A7DCEA3FE4A097B4-1640357787876.jpg', 0, NULL, '2021-12-24 22:57:21', '2021-12-24 22:57:21');
INSERT INTO `prize` VALUES ('1474393765857751043', '1474393765857751041', 2, 90.000, '避孕套', '二等奖', 'http://192.168.201.104/1640313429965-1640357813724.jpeg', 0, NULL, '2021-12-24 22:57:21', '2021-12-24 22:57:21');
INSERT INTO `prize` VALUES ('1474393765857751044', '1474393765857751041', 8, 0.000, '谢谢参与', '谢谢参与', 'http://192.168.201.104/%E6%9C%AA%E4%B8%AD%E5%A5%96-1639979379605.png', 0, NULL, '2021-12-24 22:57:21', '2021-12-24 22:57:21');
INSERT INTO `prize` VALUES ('1474394147765907458', '1474394147765907457', 0, 10.000, '华为Pro40', '一等奖', '', 0, NULL, '2021-12-24 22:58:52', '2021-12-24 22:58:52');
INSERT INTO `prize` VALUES ('1474394147765907459', '1474394147765907457', 0, 20.000, '小米电脑', '二等奖', '', 0, NULL, '2021-12-24 22:58:52', '2021-12-24 22:58:52');
INSERT INTO `prize` VALUES ('1474394147765907460', '1474394147765907457', 1, 0.000, '谢谢参与', '谢谢参与', 'http://192.168.201.104/%E6%9C%AA%E4%B8%AD%E5%A5%96-1639979379605.png', 0, NULL, '2021-12-24 22:58:52', '2021-12-24 22:58:52');
INSERT INTO `prize` VALUES ('1474394929299042305', '1474394929236127746', 1, 10.000, '华为Pro40', '一等奖', '', 0, NULL, '2021-12-24 23:01:59', '2021-12-24 23:01:59');
INSERT INTO `prize` VALUES ('1474394929299042306', '1474394929236127746', 0, 20.000, '小米电脑', '二等奖', '', 0, NULL, '2021-12-24 23:01:59', '2021-12-24 23:01:59');
INSERT INTO `prize` VALUES ('1474394929299042307', '1474394929236127746', 1, 0.000, '谢谢参与', '谢谢参与', 'http://192.168.201.104/%E6%9C%AA%E4%B8%AD%E5%A5%96-1639979379605.png', 0, NULL, '2021-12-24 23:01:59', '2021-12-24 23:01:59');
INSERT INTO `prize` VALUES ('1474419558533091330', '1474419558453399554', 5, 5.000, '大鸡吧', '一等奖', 'http://192.168.201.104/D3699BBA36AB296B4C73237728A0F99E-1640363764419.jpg', 0, NULL, '2021-12-25 00:39:51', '2021-12-25 00:39:51');
INSERT INTO `prize` VALUES ('1474419558533091331', '1474419558453399554', 10, 20.000, '小鸡巴', '二等奖', 'http://192.168.201.104/1640313429965-1640363769892.jpeg', 0, NULL, '2021-12-25 00:39:51', '2021-12-25 00:39:51');
INSERT INTO `prize` VALUES ('1474419558533091332', '1474419558453399554', 999, 0.000, '谢谢参与', '谢谢参与', 'http://192.168.201.104/%E6%9C%AA%E4%B8%AD%E5%A5%96-1639979379605.png', 0, NULL, '2021-12-25 00:39:51', '2021-12-25 00:39:51');
INSERT INTO `prize` VALUES ('1474419558533091333', '1474419558453399554', 1, 30.000, '', '三等奖', 'http://192.168.201.104/1640313380996-1640363855304.jpeg', 0, NULL, '2021-12-25 00:39:51', '2021-12-25 00:39:51');
INSERT INTO `prize` VALUES ('1474419558533091334', '1474419558453399554', 1, 50.000, '', '四等奖', '', 0, NULL, '2021-12-25 00:39:51', '2021-12-25 00:39:51');
INSERT INTO `prize` VALUES ('1474422607846596610', '1474422607846596609', 0, 10.000, '现摘红薯', '一等奖', 'http://192.168.201.104/6B53428C2CA21783A7DCEA3FE4A097B4-1640364591164.jpg', 0, NULL, '2021-12-25 00:51:58', '2021-12-25 00:51:58');
INSERT INTO `prize` VALUES ('1474422607846596611', '1474422607846596609', 0, 20.000, '三食堂的面', '二等奖', 'http://192.168.201.104/wx_camera_1640261426435-1640364607995.jpg', 0, NULL, '2021-12-25 00:51:58', '2021-12-25 00:51:58');
INSERT INTO `prize` VALUES ('1474422607913705474', '1474422607846596609', 0, 20.000, '柠檬拉的屎', '三等奖', 'http://192.168.201.104/Screenshot_2021-12-23-17-01-36-08-1640364628915.jpg', 0, NULL, '2021-12-25 00:51:58', '2021-12-25 00:51:58');
INSERT INTO `prize` VALUES ('1474422607913705475', '1474422607846596609', 0, 20.000, '批！', '特等奖', 'http://192.168.201.104/7F28463E0BC685B5B98F9B24B9FE3BBE-1640364666690.jpg', 0, NULL, '2021-12-25 00:51:58', '2021-12-25 00:51:58');
INSERT INTO `prize` VALUES ('1474422607913705476', '1474422607846596609', 1, 0.000, '谢谢参与', '谢谢参与', 'http://192.168.201.104/%E6%9C%AA%E4%B8%AD%E5%A5%96-1639979379605.png', 0, NULL, '2021-12-25 00:51:58', '2021-12-25 00:51:58');
INSERT INTO `prize` VALUES ('1474424707615830019', '1474424707615830018', 0, 10.000, '华为Pro40', '一等奖', '', 0, NULL, '2021-12-25 01:00:18', '2021-12-25 01:00:18');
INSERT INTO `prize` VALUES ('1474424707615830020', '1474424707615830018', 0, 20.000, '小米电脑', '二等奖', '', 0, NULL, '2021-12-25 01:00:18', '2021-12-25 01:00:18');
INSERT INTO `prize` VALUES ('1474424707615830021', '1474424707615830018', 1, 0.000, '谢谢参与', '谢谢参与', 'http://192.168.201.104/%E6%9C%AA%E4%B8%AD%E5%A5%96-1639979379605.png', 0, NULL, '2021-12-25 01:00:18', '2021-12-25 01:00:18');
INSERT INTO `prize` VALUES ('1474424737756098561', '1474424737693184001', 1, 10.000, '华为Pro40', '一等奖', '', 0, NULL, '2021-12-25 01:00:26', '2021-12-25 01:00:26');
INSERT INTO `prize` VALUES ('1474424737756098562', '1474424737693184001', 1, 20.000, '小米电脑', '二等奖', '', 0, NULL, '2021-12-25 01:00:26', '2021-12-25 01:00:26');
INSERT INTO `prize` VALUES ('1474424737756098563', '1474424737693184001', 1, 0.000, '谢谢参与', '谢谢参与', 'http://192.168.201.104/%E6%9C%AA%E4%B8%AD%E5%A5%96-1639979379605.png', 0, NULL, '2021-12-25 01:00:26', '2021-12-25 01:00:26');
INSERT INTO `prize` VALUES ('1474424749303017474', '1474424749303017473', 1, 10.000, '华为Pro40', '一等奖', '', 0, NULL, '2021-12-25 01:00:28', '2021-12-25 01:00:28');
INSERT INTO `prize` VALUES ('1474424749370126337', '1474424749303017473', 1, 20.000, '小米电脑', '二等奖', '', 0, NULL, '2021-12-25 01:00:28', '2021-12-25 01:00:28');
INSERT INTO `prize` VALUES ('1474424749370126338', '1474424749303017473', 1, 0.000, '谢谢参与', '谢谢参与', 'http://192.168.201.104/%E6%9C%AA%E4%B8%AD%E5%A5%96-1639979379605.png', 0, NULL, '2021-12-25 01:00:28', '2021-12-25 01:00:28');
INSERT INTO `prize` VALUES ('1474428913198428161', '1474428913143902210', 3, 10.000, '鲲鲲', '一等奖', 'http://192.168.201.104/kim-1625737767521-1640366137658.jpg', 0, NULL, '2021-12-25 01:17:01', '2021-12-25 01:17:01');
INSERT INTO `prize` VALUES ('1474428913198428162', '1474428913143902210', 5, 20.000, '杰哥', '二等奖', 'http://192.168.201.104/-284446277-1640366152470.png', 0, NULL, '2021-12-25 01:17:01', '2021-12-25 01:17:01');
INSERT INTO `prize` VALUES ('1474428913198428163', '1474428913143902210', 10, 30.000, '大司马', '三等奖', 'http://192.168.201.104/8FF905D6E22870E8B87BBB8A11361264-1640366182324.jpg', 0, NULL, '2021-12-25 01:17:01', '2021-12-25 01:17:01');
INSERT INTO `prize` VALUES ('1474428913198428164', '1474428913143902210', 1555, 0.000, '谢谢参与', '谢谢参与', 'http://192.168.201.104/%E6%9C%AA%E4%B8%AD%E5%A5%96-1639979379605.png', 0, NULL, '2021-12-25 01:17:01', '2021-12-25 01:17:01');
INSERT INTO `prize` VALUES ('1474428952620691459', '1474428952620691458', 3, 10.000, '鲲鲲', '一等奖', 'http://192.168.201.104/kim-1625737767521-1640366137658.jpg', 0, NULL, '2021-12-25 01:17:11', '2021-12-25 01:17:11');
INSERT INTO `prize` VALUES ('1474428952620691460', '1474428952620691458', 5, 20.000, '杰哥', '二等奖', 'http://192.168.201.104/-284446277-1640366152470.png', 0, NULL, '2021-12-25 01:17:11', '2021-12-25 01:17:11');
INSERT INTO `prize` VALUES ('1474428952620691461', '1474428952620691458', 10, 30.000, '大司马', '三等奖', 'http://192.168.201.104/8FF905D6E22870E8B87BBB8A11361264-1640366182324.jpg', 0, NULL, '2021-12-25 01:17:11', '2021-12-25 01:17:11');
INSERT INTO `prize` VALUES ('1474428952683606018', '1474428952620691458', 1555, 0.000, '谢谢参与', '谢谢参与', 'http://192.168.201.104/%E6%9C%AA%E4%B8%AD%E5%A5%96-1639979379605.png', 0, NULL, '2021-12-25 01:17:11', '2021-12-25 01:17:11');
INSERT INTO `prize` VALUES ('1474431508256256003', '1474431508256256002', 1, 10.000, '反对发射', '一等奖', 'http://192.168.201.104/电脑-1640366805283.png', 0, NULL, '2021-12-25 01:27:20', '2021-12-25 01:27:20');
INSERT INTO `prize` VALUES ('1474431508319170562', '1474431508256256002', 1, 20.000, '啊范德萨分', '二等奖', 'http://192.168.201.104/未中奖-1640366820221.png', 0, NULL, '2021-12-25 01:27:20', '2021-12-25 01:27:20');
INSERT INTO `prize` VALUES ('1474431508319170563', '1474431508256256002', 1, 70.000, '谢谢参与', '谢谢参与', 'http://192.168.201.104/%E6%9C%AA%E4%B8%AD%E5%A5%96-1639979379605.png', 0, NULL, '2021-12-25 01:27:20', '2021-12-25 01:27:20');
INSERT INTO `prize` VALUES ('1474431683884347395', '1474431683884347394', 1, 10.000, '反对发射', '一等奖', 'http://192.168.201.104/电脑-1640366805283.png', 0, NULL, '2021-12-25 01:28:02', '2021-12-25 01:28:02');
INSERT INTO `prize` VALUES ('1474431683884347396', '1474431683884347394', 1, 20.000, '啊范德萨分', '二等奖', 'http://192.168.201.104/未中奖-1640366820221.png', 0, NULL, '2021-12-25 01:28:02', '2021-12-25 01:28:02');
INSERT INTO `prize` VALUES ('1474431683884347397', '1474431683884347394', 1, 70.000, '谢谢参与', '谢谢参与', 'http://192.168.201.104/%E6%9C%AA%E4%B8%AD%E5%A5%96-1639979379605.png', 0, NULL, '2021-12-25 01:28:02', '2021-12-25 01:28:02');
INSERT INTO `prize` VALUES ('1474433245251760129', '1474433245188845570', 1, 10.000, '反对发射', '一等奖', 'http://192.168.201.104/电脑-1640366805283.png', 0, NULL, '2021-12-25 01:34:14', '2021-12-25 01:34:14');
INSERT INTO `prize` VALUES ('1474433245251760130', '1474433245188845570', 1, 20.000, '啊范德萨分', '二等奖', 'http://192.168.201.104/未中奖-1640366820221.png', 0, NULL, '2021-12-25 01:34:14', '2021-12-25 01:34:14');
INSERT INTO `prize` VALUES ('1474433245251760131', '1474433245188845570', 0, 70.000, '谢谢参与', '谢谢参与', 'http://192.168.201.104/%E6%9C%AA%E4%B8%AD%E5%A5%96-1639979379605.png', 0, NULL, '2021-12-25 01:34:14', '2021-12-25 01:34:14');
INSERT INTO `prize` VALUES ('1474433738720014337', '1474433738661294082', 1, 10.000, '的撒法第三', '一等奖', 'http://192.168.201.104/奖-1640367335103.png', 0, NULL, '2021-12-25 01:36:12', '2021-12-25 01:36:12');
INSERT INTO `prize` VALUES ('1474433738720014338', '1474433738661294082', 1, 20.000, '大幅度', '二等奖', 'http://192.168.201.104/奖-1640367338198.png', 0, NULL, '2021-12-25 01:36:12', '2021-12-25 01:36:12');
INSERT INTO `prize` VALUES ('1474433738720014339', '1474433738661294082', 0, 70.000, '谢谢参与', '谢谢参与', 'http://192.168.201.104/%E6%9C%AA%E4%B8%AD%E5%A5%96-1639979379605.png', 0, NULL, '2021-12-25 01:36:12', '2021-12-25 01:36:12');
INSERT INTO `prize` VALUES ('1474438497703043074', '1474438497703043073', 1, 1.000, '猪猪侠', '一等奖', 'http://192.168.201.104/ED4DE83E7CEF2039C002DF0D924CDD36-1640368373852.jpg', 0, NULL, '2021-12-25 01:55:06', '2021-12-25 01:55:06');
INSERT INTO `prize` VALUES ('1474438497703043075', '1474438497703043073', 1, 5.000, '王洪文', '二等奖', 'http://192.168.201.104/img-90017a3ebf1e7e98871c835ede54f56e-1640368392928.jpg', 0, NULL, '2021-12-25 01:55:06', '2021-12-25 01:55:06');
INSERT INTO `prize` VALUES ('1474438497703043076', '1474438497703043073', 4, 10.000, '权志龙', '三等奖', 'http://192.168.201.104/pericon-1640368438746.jpg', 0, NULL, '2021-12-25 01:55:06', '2021-12-25 01:55:06');
INSERT INTO `prize` VALUES ('1474438497703043077', '1474438497703043073', 1, 0.000, '谢谢参与', '谢谢参与', 'http://192.168.201.104/%E6%9C%AA%E4%B8%AD%E5%A5%96-1639979379605.png', 0, NULL, '2021-12-25 01:55:06', '2021-12-25 01:55:06');
INSERT INTO `prize` VALUES ('1474444293912514563', '1474444293912514562', 5, 3.000, '杰哥', '一等奖', 'http://192.168.201.104/-284446277-1640369772715.png', 0, NULL, '2021-12-25 02:18:08', '2021-12-25 02:18:08');
INSERT INTO `prize` VALUES ('1474444293912514564', '1474444293912514562', 4, 10.000, '表情包', '二等奖', 'http://192.168.201.104/9AC3BDEED77A14D1B799B8B1D86A3621-1640369794183.jpg', 0, NULL, '2021-12-25 02:18:08', '2021-12-25 02:18:08');
INSERT INTO `prize` VALUES ('1474444293912514565', '1474444293912514562', 5, 20.000, '我的面', '三等奖', 'http://192.168.201.104/wx_camera_1640261426435-1640369808077.jpg', 0, NULL, '2021-12-25 02:18:08', '2021-12-25 02:18:08');
INSERT INTO `prize` VALUES ('1474444293912514566', '1474444293912514562', 0, 80.000, '谢谢参与', '谢谢参与', 'http://192.168.201.104/%E6%9C%AA%E4%B8%AD%E5%A5%96-1639979379605.png', 0, NULL, '2021-12-25 02:18:08', '2021-12-25 02:18:08');
INSERT INTO `prize` VALUES ('1474444958143467523', '1474444958143467522', 8, 1.000, '华为Pro40', '一等奖', '', 0, NULL, '2021-12-25 02:20:47', '2021-12-25 02:20:47');
INSERT INTO `prize` VALUES ('1474444958143467524', '1474444958143467522', 10, 2.000, '小米电脑', '二等奖', '', 0, NULL, '2021-12-25 02:20:47', '2021-12-25 02:20:47');
INSERT INTO `prize` VALUES ('1474444958143467525', '1474444958143467522', 0, 90.000, '谢谢参与', '谢谢参与', 'http://192.168.201.104/%E6%9C%AA%E4%B8%AD%E5%A5%96-1639979379605.png', 0, NULL, '2021-12-25 02:20:47', '2021-12-25 02:20:47');
INSERT INTO `prize` VALUES ('1474450812297138179', '1474450812297138178', 0, 10.000, '华为Pro40', '一等奖', '', 0, NULL, '2021-12-25 02:44:02', '2021-12-25 02:44:02');
INSERT INTO `prize` VALUES ('1474450812297138180', '1474450812297138178', 0, 20.000, '小米电脑', '二等奖', '', 0, NULL, '2021-12-25 02:44:02', '2021-12-25 02:44:02');
INSERT INTO `prize` VALUES ('1474450812297138181', '1474450812297138178', 1019, 80.000, '谢谢参与', '谢谢参与', 'http://192.168.201.104/%E6%9C%AA%E4%B8%AD%E5%A5%96-1639979379605.png', 0, NULL, '2021-12-25 02:44:02', '2021-12-25 02:44:02');
INSERT INTO `prize` VALUES ('1474452204386635778', '1474452204386635777', 7, 10.000, '华为Pro40', '一等奖', '', 0, NULL, '2021-12-25 02:49:34', '2021-12-25 02:49:34');
INSERT INTO `prize` VALUES ('1474452204386635779', '1474452204386635777', 7, 20.000, '小米电脑', '二等奖', '', 0, NULL, '2021-12-25 02:49:34', '2021-12-25 02:49:34');
INSERT INTO `prize` VALUES ('1474452204453744642', '1474452204386635777', 0, 80.000, '谢谢参与', '谢谢参与', 'http://192.168.201.104/%E6%9C%AA%E4%B8%AD%E5%A5%96-1639979379605.png', 0, NULL, '2021-12-25 02:49:34', '2021-12-25 02:49:34');
INSERT INTO `prize` VALUES ('1474452733443559427', '1474452733443559426', 0, 50.000, '华为Pro40', '一等奖', '', 0, NULL, '2021-12-25 02:51:40', '2021-12-25 02:51:40');
INSERT INTO `prize` VALUES ('1474452733443559428', '1474452733443559426', 1, 50.000, '小米电脑', '二等奖', '', 0, NULL, '2021-12-25 02:51:40', '2021-12-25 02:51:40');
INSERT INTO `prize` VALUES ('1474452733443559429', '1474452733443559426', 0, 50.000, '谢谢参与', '谢谢参与', 'http://192.168.201.104/%E6%9C%AA%E4%B8%AD%E5%A5%96-1639979379605.png', 0, NULL, '2021-12-25 02:51:40', '2021-12-25 02:51:40');
INSERT INTO `prize` VALUES ('1474641837765095425', '1474641836624244737', 1, 10.000, '华为Pro40', '一等奖', '', 0, NULL, '2021-12-25 15:23:06', '2021-12-25 15:23:06');
INSERT INTO `prize` VALUES ('1474641837765095426', '1474641836624244737', 0, 20.000, '小米电脑', '二等奖', '', 0, NULL, '2021-12-25 15:23:06', '2021-12-25 15:23:06');
INSERT INTO `prize` VALUES ('1474641837765095427', '1474641836624244737', 9996, 90.000, '谢谢参与', '谢谢参与', 'http://192.168.201.104/%E6%9C%AA%E4%B8%AD%E5%A5%96-1639979379605.png', 0, NULL, '2021-12-25 15:23:06', '2021-12-25 15:23:06');

-- ----------------------------
-- Table structure for role
-- ----------------------------
DROP TABLE IF EXISTS `role`;
CREATE TABLE `role`  (
  `id` varchar(200) CHARACTER SET utf8mb4 COLLATE utf8mb4_general_ci NOT NULL COMMENT '编号',
  `role_name` varchar(20) CHARACTER SET utf8mb4 COLLATE utf8mb4_general_ci NOT NULL COMMENT '角色名字',
  `role_string` varchar(20) CHARACTER SET utf8mb4 COLLATE utf8mb4_general_ci NOT NULL COMMENT '角色字符',
  `is_deleted` int NOT NULL DEFAULT 0 COMMENT '逻辑删除',
  `remark` text CHARACTER SET utf8mb4 COLLATE utf8mb4_general_ci NULL COMMENT '备注',
  `create_time` datetime NOT NULL COMMENT '创建时间',
  `update_time` datetime NOT NULL COMMENT '更新时间',
  PRIMARY KEY (`id`) USING BTREE
) ENGINE = InnoDB CHARACTER SET = utf8mb4 COLLATE = utf8mb4_general_ci ROW_FORMAT = DYNAMIC;

-- ----------------------------
-- Records of role
-- ----------------------------
INSERT INTO `role` VALUES ('1468224439932977153', '用户', 'user', 0, NULL, '2021-12-18 11:46:59', '2021-12-18 11:46:59');
INSERT INTO `role` VALUES ('1468224439932977154', '超级管理员', 'admin', 0, NULL, '2021-12-24 23:14:30', '2021-12-24 23:14:30');

-- ----------------------------
-- Table structure for user_profile
-- ----------------------------
DROP TABLE IF EXISTS `user_profile`;
CREATE TABLE `user_profile`  (
  `id` varchar(200) CHARACTER SET utf8mb4 COLLATE utf8mb4_general_ci NOT NULL COMMENT '用户编号',
  `username` varchar(50) CHARACTER SET utf8mb4 COLLATE utf8mb4_general_ci NOT NULL COMMENT '用户名',
  `avatar_url` varchar(200) CHARACTER SET utf8mb4 COLLATE utf8mb4_general_ci NULL DEFAULT NULL COMMENT '用户头像',
  `password` varchar(255) CHARACTER SET utf8mb4 COLLATE utf8mb4_general_ci NOT NULL COMMENT '用户密码',
  `email` varchar(50) CHARACTER SET utf8mb4 COLLATE utf8mb4_general_ci NOT NULL COMMENT '用户邮箱',
  `phone` varchar(20) CHARACTER SET utf8mb4 COLLATE utf8mb4_general_ci NULL DEFAULT NULL COMMENT '用户手机号',
  `province` varchar(20) CHARACTER SET utf8mb4 COLLATE utf8mb4_general_ci NULL DEFAULT NULL COMMENT '省',
  `city` varchar(50) CHARACTER SET utf8mb4 COLLATE utf8mb4_general_ci NULL DEFAULT NULL COMMENT '市',
  `area` varchar(50) CHARACTER SET utf8mb4 COLLATE utf8mb4_general_ci NULL DEFAULT NULL COMMENT '区',
  `address` varchar(150) CHARACTER SET utf8mb4 COLLATE utf8mb4_general_ci NULL DEFAULT NULL COMMENT '详细地址',
  `alipay_account` varchar(50) CHARACTER SET utf8mb4 COLLATE utf8mb4_general_ci NULL DEFAULT NULL COMMENT '支付宝账号',
  `wx_account` varchar(50) CHARACTER SET utf8mb4 COLLATE utf8mb4_general_ci NULL DEFAULT NULL COMMENT '微信账号',
  `status` int NOT NULL DEFAULT 1 COMMENT '状态(1 正常、2 冻结)',
  `nick_name` varchar(50) CHARACTER SET utf8mb4 COLLATE utf8mb4_general_ci NULL DEFAULT NULL COMMENT '用户昵称',
  `is_deleted` int NOT NULL DEFAULT 0 COMMENT '逻辑删除（0 正常 1 删除）',
  `remark` text CHARACTER SET utf8mb4 COLLATE utf8mb4_general_ci NULL COMMENT '备注',
  `create_time` datetime NOT NULL COMMENT '创建时间',
  `update_time` datetime NOT NULL COMMENT '更新时间',
  PRIMARY KEY (`id`) USING BTREE
) ENGINE = InnoDB CHARACTER SET = utf8mb4 COLLATE = utf8mb4_general_ci ROW_FORMAT = DYNAMIC;

-- ----------------------------
-- Records of user_profile
-- ----------------------------
INSERT INTO `user_profile` VALUES ('1472049303236763650', 'zaj', 'http://192.168.201.104/uugai.com-h7345-16147012458365-1639921078418.png', 'e10adc3949ba59abbe56e057f20f883e', '1418623546@qq.com', '15688255428', '湖南省', '长沙市', '天心区', '范德萨', NULL, NULL, 1, '哈哈哈', 0, NULL, '2021-12-18 11:41:18', '2021-12-18 11:41:18');
INSERT INTO `user_profile` VALUES ('1474380138006196225', 'fuxiaotian', 'http://192.168.201.104/6B53428C2CA21783A7DCEA3FE4A097B4-1640354629630.jpg', 'e10adc3949ba59abbe56e057f20f883e', '16001394551@qq.com', '18593430713', '湖南省', '常德市', '汉寿县', '你妈', NULL, NULL, 1, '符笑添', 0, NULL, '2021-12-24 22:03:12', '2021-12-24 22:03:12');
INSERT INTO `user_profile` VALUES ('1474398326056136706', 'admin', 'http://192.168.201.104/ac20ee62882611ebb6edd017c2d2eca2-1640359263653.jpg', 'e10adc3949ba59abbe56e057f20f883e', '2890841438@qq.com', '15573130221', NULL, NULL, NULL, NULL, NULL, NULL, 1, '你爹', 0, NULL, '2021-12-24 23:15:29', '2021-12-24 23:15:29');
INSERT INTO `user_profile` VALUES ('1474420801779318786', 'qq1600139455', NULL, 'e10adc3949ba59abbe56e057f20f883e', '2@qq.com', NULL, NULL, NULL, NULL, NULL, NULL, NULL, 1, '交院老八', 0, NULL, '2021-12-25 00:44:47', '2021-12-25 00:44:47');
INSERT INTO `user_profile` VALUES ('1474421780356554753', 'qqq1600139455', 'http://192.168.201.104/-630b8f8123c33124-1640417260777.jpg', '4607e782c4d86fd5364d7e4508bb10d9', '1600139455@qq.com', NULL, '湖南省', '邵阳市', '北塔区', '1010', NULL, NULL, 1, '我爱拉屎', 0, NULL, '2021-12-25 00:48:41', '2021-12-25 00:48:41');
INSERT INTO `user_profile` VALUES ('1474428156881530882', 'qqqq1600139455', NULL, 'e10adc3949ba59abbe56e057f20f883e', 'j', NULL, NULL, NULL, NULL, NULL, NULL, NULL, 1, '刘德华', 0, NULL, '2021-12-25 01:14:01', '2021-12-25 01:14:01');
INSERT INTO `user_profile` VALUES ('1474451440016674818', '1369107186', 'http://192.168.201.104/pic3.zhimg-1640371634257.jpeg', 'e10adc3949ba59abbe56e057f20f883e', '1369107186@qq.com', NULL, NULL, NULL, NULL, NULL, NULL, NULL, 1, '黎明', 0, NULL, '2021-12-25 02:46:32', '2021-12-25 02:46:32');
INSERT INTO `user_profile` VALUES ('1474642152488890370', 'q', NULL, 'e10adc3949ba59abbe56e057f20f883e', '2447260678@qq.com', NULL, NULL, NULL, NULL, NULL, NULL, NULL, 1, 'q', 0, NULL, '2021-12-25 15:24:21', '2021-12-25 15:24:21');

-- ----------------------------
-- Table structure for user_role
-- ----------------------------
DROP TABLE IF EXISTS `user_role`;
CREATE TABLE `user_role`  (
  `id` varchar(200) CHARACTER SET utf8mb4 COLLATE utf8mb4_general_ci NOT NULL COMMENT '编号',
  `user_id` varchar(200) CHARACTER SET utf8mb4 COLLATE utf8mb4_general_ci NOT NULL COMMENT '用户编号',
  `role_id` varchar(200) CHARACTER SET utf8mb4 COLLATE utf8mb4_general_ci NOT NULL COMMENT '角色编号',
  `is_deleted` int NOT NULL DEFAULT 0 COMMENT '逻辑删除',
  `remark` text CHARACTER SET utf8mb4 COLLATE utf8mb4_general_ci NULL COMMENT '备注',
  `create_time` datetime NOT NULL COMMENT '创建时间',
  `update_time` datetime NOT NULL COMMENT '更新时间',
  PRIMARY KEY (`id`) USING BTREE
) ENGINE = InnoDB CHARACTER SET = utf8mb4 COLLATE = utf8mb4_general_ci ROW_FORMAT = DYNAMIC;

-- ----------------------------
-- Records of user_role
-- ----------------------------
INSERT INTO `user_role` VALUES ('1472049303303872514', '1472049303236763650', '1468224439932977153', 0, NULL, '2021-12-18 11:41:18', '2021-12-18 11:41:18');
INSERT INTO `user_role` VALUES ('1474380138031362049', '1474380138006196225', '1468224439932977153', 0, NULL, '2021-12-24 22:03:12', '2021-12-24 22:03:12');
INSERT INTO `user_role` VALUES ('1474398326056136707', '1474398326056136706', '1468224439932977154', 0, NULL, '2021-12-24 23:15:29', '2021-12-24 23:15:29');
INSERT INTO `user_role` VALUES ('1474420801842233346', '1474420801779318786', '1468224439932977153', 0, NULL, '2021-12-25 00:44:47', '2021-12-25 00:44:47');
INSERT INTO `user_role` VALUES ('1474421780390109185', '1474421780356554753', '1468224439932977153', 0, NULL, '2021-12-25 00:48:41', '2021-12-25 00:48:41');
INSERT INTO `user_role` VALUES ('1474428156906696706', '1474428156881530882', '1468224439932977153', 0, NULL, '2021-12-25 01:14:01', '2021-12-25 01:14:01');
INSERT INTO `user_role` VALUES ('1474451440016674819', '1474451440016674818', '1468224439932977153', 0, NULL, '2021-12-25 02:46:32', '2021-12-25 02:46:32');
INSERT INTO `user_role` VALUES ('1474642152555999233', '1474642152488890370', '1468224439932977153', 0, NULL, '2021-12-25 15:24:21', '2021-12-25 15:24:21');

SET FOREIGN_KEY_CHECKS = 1;
